125.0,32.5,  24, 16
125.1,32.5,  26, 16
125.2,32.5,  28, 16
125.3,32.5,  30, 16
125.4,32.5,  32, 16
125.5,32.5,  34, 16
125.6,32.5,  36, 16
125.7,32.5,  37, 16
125.8,32.5,  39, 16
125.9,32.5,  41, 16
126.0,32.5,  43, 16
126.1,32.5,  45, 16
126.2,32.5,  47, 16
126.3,32.5,  49, 16
126.4,32.5,  50, 16
126.5,32.5,  52, 16
126.6,32.5,  54, 16
126.7,32.5,  56, 16
126.8,32.5,  58, 16
126.9,32.5,  60, 16
127.0,32.5,  62, 16
127.1,32.5,  63, 16
127.2,32.5,  65, 16
127.3,32.5,  67, 16
127.4,32.5,  69, 16
127.5,32.5,  71, 16
127.6,32.5,  73, 16
127.7,32.5,  75, 16
127.8,32.5,  76, 16
127.9,32.5,  78, 16
128.0,32.5,  80, 16
128.1,32.5,  82, 16
128.2,32.5,  84, 17
128.3,32.5,  86, 17
128.4,32.5,  88, 17
128.5,32.5,  89, 17
128.6,32.5,  91, 17
128.7,32.5,  93, 17
128.8,32.5,  95, 17
128.9,32.5,  97, 17
129.0,32.5,  99, 17
129.1,32.5,  101, 17
129.2,32.5,  102, 17
129.3,32.5,  104, 17
129.4,32.5,  106, 17
129.5,32.5,  108, 17
129.6,32.5,  110, 17
129.7,32.5,  112, 18
129.8,32.5,  114, 18
129.9,32.5,  115, 18
130.0,32.5,  117, 18
125.0,32.6,  24, 18
125.1,32.6,  26, 18
125.2,32.6,  28, 18
125.3,32.6,  30, 18
125.4,32.6,  32, 18
125.5,32.6,  34, 18
125.6,32.6,  36, 18
125.7,32.6,  37, 18
125.8,32.6,  39, 18
125.9,32.6,  41, 18
126.0,32.6,  43, 18
126.1,32.6,  45, 18
126.2,32.6,  47, 18
126.3,32.6,  49, 18
126.4,32.6,  50, 18
126.5,32.6,  52, 18
126.6,32.6,  54, 18
126.7,32.6,  56, 18
126.8,32.6,  58, 18
126.9,32.6,  60, 18
127.0,32.6,  62, 18
127.1,32.6,  63, 18
127.2,32.6,  65, 18
127.3,32.6,  67, 18
127.4,32.6,  69, 18
127.5,32.6,  71, 18
127.6,32.6,  73, 18
127.7,32.6,  75, 19
127.8,32.6,  76, 19
127.9,32.6,  78, 19
128.0,32.6,  80, 19
128.1,32.6,  82, 19
128.2,32.6,  84, 19
128.3,32.6,  86, 19
128.4,32.6,  87, 19
128.5,32.6,  89, 19
128.6,32.6,  91, 19
128.7,32.6,  93, 19
128.8,32.6,  95, 19
128.9,32.6,  97, 19
129.0,32.6,  99, 19
129.1,32.6,  100, 19
129.2,32.6,  102, 19
129.3,32.6,  104, 19
129.4,32.6,  106, 20
129.5,32.6,  108, 20
129.6,32.6,  110, 20
129.7,32.6,  112, 20
129.8,32.6,  113, 20
129.9,32.6,  115, 20
130.0,32.6,  117, 20
125.0,32.7,  24, 20
125.1,32.7,  26, 20
125.2,32.7,  28, 20
125.3,32.7,  30, 20
125.4,32.7,  32, 20
125.5,32.7,  34, 20
125.6,32.7,  36, 20
125.7,32.7,  37, 20
125.8,32.7,  39, 20
125.9,32.7,  41, 20
126.0,32.7,  43, 20
126.1,32.7,  45, 20
126.2,32.7,  47, 20
126.3,32.7,  49, 20
126.4,32.7,  50, 20
126.5,32.7,  52, 20
126.6,32.7,  54, 20
126.7,32.7,  56, 20
126.8,32.7,  58, 20
126.9,32.7,  60, 20
127.0,32.7,  62, 20
127.1,32.7,  63, 21
127.2,32.7,  65, 21
127.3,32.7,  67, 21
127.4,32.7,  69, 21
127.5,32.7,  71, 21
127.6,32.7,  73, 21
127.7,32.7,  74, 21
127.8,32.7,  76, 21
127.9,32.7,  78, 21
128.0,32.7,  80, 21
128.1,32.7,  82, 21
128.2,32.7,  84, 21
128.3,32.7,  86, 21
128.4,32.7,  87, 21
128.5,32.7,  89, 21
128.6,32.7,  91, 21
128.7,32.7,  93, 21
128.8,32.7,  95, 21
128.9,32.7,  97, 21
129.0,32.7,  99, 21
129.1,32.7,  100, 21
129.2,32.7,  102, 22
129.3,32.7,  104, 22
129.4,32.7,  106, 22
129.5,32.7,  108, 22
129.6,32.7,  110, 22
129.7,32.7,  111, 22
129.8,32.7,  113, 22
129.9,32.7,  115, 22
130.0,32.7,  117, 22
125.0,32.8,  25, 23
125.1,32.8,  26, 23
125.2,32.8,  28, 23
125.3,32.8,  30, 23
125.4,32.8,  32, 23
125.5,32.8,  34, 23
125.6,32.8,  36, 23
125.7,32.8,  37, 23
125.8,32.8,  39, 23
125.9,32.8,  41, 23
126.0,32.8,  43, 23
126.1,32.8,  45, 23
126.2,32.8,  47, 23
126.3,32.8,  49, 23
126.4,32.8,  50, 23
126.5,32.8,  52, 23
126.6,32.8,  54, 23
126.7,32.8,  56, 23
126.8,32.8,  58, 23
126.9,32.8,  60, 23
127.0,32.8,  61, 23
127.1,32.8,  63, 23
127.2,32.8,  65, 23
127.3,32.8,  67, 23
127.4,32.8,  69, 23
127.5,32.8,  71, 23
127.6,32.8,  73, 23
127.7,32.8,  74, 23
127.8,32.8,  76, 23
127.9,32.8,  78, 23
128.0,32.8,  80, 23
128.1,32.8,  82, 23
128.2,32.8,  84, 23
128.3,32.8,  86, 23
128.4,32.8,  87, 23
128.5,32.8,  89, 23
128.6,32.8,  91, 23
128.7,32.8,  93, 23
128.8,32.8,  95, 23
128.9,32.8,  97, 24
129.0,32.8,  98, 24
129.1,32.8,  100, 24
129.2,32.8,  102, 24
129.3,32.8,  104, 24
129.4,32.8,  106, 24
129.5,32.8,  108, 24
129.6,32.8,  110, 24
129.7,32.8,  111, 24
129.8,32.8,  113, 24
129.9,32.8,  115, 24
130.0,32.8,  117, 24
125.0,32.9,  25, 25
125.1,32.9,  26, 25
125.2,32.9,  28, 25
125.3,32.9,  30, 25
125.4,32.9,  32, 25
125.5,32.9,  34, 25
125.6,32.9,  36, 25
125.7,32.9,  37, 25
125.8,32.9,  39, 25
125.9,32.9,  41, 25
126.0,32.9,  43, 25
126.1,32.9,  45, 25
126.2,32.9,  47, 25
126.3,32.9,  49, 25
126.4,32.9,  50, 25
126.5,32.9,  52, 25
126.6,32.9,  54, 25
126.7,32.9,  56, 25
126.8,32.9,  58, 25
126.9,32.9,  60, 25
127.0,32.9,  61, 25
127.1,32.9,  63, 25
127.2,32.9,  65, 25
127.3,32.9,  67, 25
127.4,32.9,  69, 25
127.5,32.9,  71, 25
127.6,32.9,  73, 25
127.7,32.9,  74, 25
127.8,32.9,  76, 25
127.9,32.9,  78, 25
128.0,32.9,  80, 25
128.1,32.9,  82, 25
128.2,32.9,  84, 25
128.3,32.9,  85, 25
128.4,32.9,  87, 25
128.5,32.9,  89, 25
128.6,32.9,  91, 26
128.7,32.9,  93, 26
128.8,32.9,  95, 26
128.9,32.9,  97, 26
129.0,32.9,  98, 26
129.1,32.9,  100, 26
129.2,32.9,  102, 26
129.3,32.9,  104, 26
129.4,32.9,  106, 26
129.5,32.9,  108, 26
129.6,32.9,  109, 26
129.7,32.9,  111, 26
129.8,32.9,  113, 26
129.9,32.9,  115, 27
130.0,32.9,  117, 27
125.0,33.0,  25, 27
125.1,33.0,  26, 27
125.2,33.0,  28, 27
125.3,33.0,  30, 27
125.4,33.0,  32, 27
125.5,33.0,  34, 27
125.6,33.0,  36, 27
125.7,33.0,  37, 27
125.8,33.0,  39, 27
125.9,33.0,  41, 27
126.0,33.0,  43, 27
126.1,33.0,  45, 27
126.2,33.0,  47, 27
126.3,33.0,  49, 27
126.4,33.0,  50, 27
126.5,33.0,  52, 27
126.6,33.0,  54, 27
126.7,33.0,  56, 27
126.8,33.0,  58, 27
126.9,33.0,  60, 27
127.0,33.0,  61, 27
127.1,33.0,  63, 27
127.2,33.0,  65, 27
127.3,33.0,  67, 27
127.4,33.0,  69, 27
127.5,33.0,  71, 27
127.6,33.0,  72, 27
127.7,33.0,  74, 27
127.8,33.0,  76, 27
127.9,33.0,  78, 27
128.0,33.0,  80, 27
128.1,33.0,  82, 27
128.2,33.0,  84, 28
128.3,33.0,  85, 28
128.4,33.0,  87, 28
128.5,33.0,  89, 28
128.6,33.0,  91, 28
128.7,33.0,  93, 28
128.8,33.0,  95, 28
128.9,33.0,  96, 28
129.0,33.0,  98, 28
129.1,33.0,  100, 28
129.2,33.0,  102, 28
129.3,33.0,  104, 28
129.4,33.0,  106, 28
129.5,33.0,  107, 28
129.6,33.0,  109, 28
129.7,33.0,  111, 29
129.8,33.0,  113, 29
129.9,33.0,  115, 29
130.0,33.0,  117, 29
125.0,33.1,  25, 29
125.1,33.1,  26, 29
125.2,33.1,  28, 29
125.3,33.1,  30, 29
125.4,33.1,  32, 29
125.5,33.1,  34, 29
125.6,33.1,  36, 29
125.7,33.1,  37, 29
125.8,33.1,  39, 29
125.9,33.1,  41, 29
126.0,33.1,  43, 29
126.1,33.1,  45, 29
126.2,33.1,  47, 29
126.3,33.1,  49, 29
126.4,33.1,  50, 29
126.5,33.1,  52, 29
126.6,33.1,  54, 29
126.7,33.1,  56, 29
126.8,33.1,  58, 29
126.9,33.1,  60, 29
127.0,33.1,  61, 29
127.1,33.1,  63, 29
127.2,33.1,  65, 29
127.3,33.1,  67, 29
127.4,33.1,  69, 29
127.5,33.1,  71, 29
127.6,33.1,  72, 29
127.7,33.1,  74, 29
127.8,33.1,  76, 30
127.9,33.1,  78, 30
128.0,33.1,  80, 30
128.1,33.1,  82, 30
128.2,33.1,  83, 30
128.3,33.1,  85, 30
128.4,33.1,  87, 30
128.5,33.1,  89, 30
128.6,33.1,  91, 30
128.7,33.1,  93, 30
128.8,33.1,  95, 30
128.9,33.1,  96, 30
129.0,33.1,  98, 30
129.1,33.1,  100, 30
129.2,33.1,  102, 30
129.3,33.1,  104, 30
129.4,33.1,  106, 30
129.5,33.1,  107, 31
129.6,33.1,  109, 31
129.7,33.1,  111, 31
129.8,33.1,  113, 31
129.9,33.1,  115, 31
130.0,33.1,  117, 31
125.0,33.2,  25, 31
125.1,33.2,  26, 31
125.2,33.2,  28, 31
125.3,33.2,  30, 31
125.4,33.2,  32, 31
125.5,33.2,  34, 31
125.6,33.2,  36, 31
125.7,33.2,  37, 31
125.8,33.2,  39, 31
125.9,33.2,  41, 31
126.0,33.2,  43, 31
126.1,33.2,  45, 31
126.2,33.2,  47, 31
126.3,33.2,  49, 31
126.4,33.2,  50, 31
126.5,33.2,  52, 31
126.6,33.2,  54, 31
126.7,33.2,  56, 31
126.8,33.2,  58, 31
126.9,33.2,  60, 31
127.0,33.2,  61, 31
127.1,33.2,  63, 31
127.2,33.2,  65, 32
127.3,33.2,  67, 32
127.4,33.2,  69, 32
127.5,33.2,  71, 32
127.6,33.2,  72, 32
127.7,33.2,  74, 32
127.8,33.2,  76, 32
127.9,33.2,  78, 32
128.0,33.2,  80, 32
128.1,33.2,  82, 32
128.2,33.2,  83, 32
128.3,33.2,  85, 32
128.4,33.2,  87, 32
128.5,33.2,  89, 32
128.6,33.2,  91, 32
128.7,33.2,  93, 32
128.8,33.2,  94, 32
128.9,33.2,  96, 32
129.0,33.2,  98, 32
129.1,33.2,  100, 32
129.2,33.2,  102, 33
129.3,33.2,  104, 33
129.4,33.2,  105, 33
129.5,33.2,  107, 33
129.6,33.2,  109, 33
129.7,33.2,  111, 33
129.8,33.2,  113, 33
129.9,33.2,  115, 33
130.0,33.2,  116, 33
125.0,33.3,  25, 34
125.1,33.3,  26, 34
125.2,33.3,  28, 34
125.3,33.3,  30, 34
125.4,33.3,  32, 34
125.5,33.3,  34, 34
125.6,33.3,  36, 34
125.7,33.3,  37, 34
125.8,33.3,  39, 34
125.9,33.3,  41, 34
126.0,33.3,  43, 34
126.1,33.3,  45, 34
126.2,33.3,  47, 34
126.3,33.3,  49, 34
126.4,33.3,  50, 34
126.5,33.3,  52, 34
126.6,33.3,  54, 34
126.7,33.3,  56, 34
126.8,33.3,  58, 34
126.9,33.3,  60, 34
127.0,33.3,  61, 34
127.1,33.3,  63, 34
127.2,33.3,  65, 34
127.3,33.3,  67, 34
127.4,33.3,  69, 34
127.5,33.3,  71, 34
127.6,33.3,  72, 34
127.7,33.3,  74, 34
127.8,33.3,  76, 34
127.9,33.3,  78, 34
128.0,33.3,  80, 34
128.1,33.3,  82, 34
128.2,33.3,  83, 34
128.3,33.3,  85, 34
128.4,33.3,  87, 34
128.5,33.3,  89, 34
128.6,33.3,  91, 34
128.7,33.3,  93, 34
128.8,33.3,  94, 34
128.9,33.3,  96, 35
129.0,33.3,  98, 35
129.1,33.3,  100, 35
129.2,33.3,  102, 35
129.3,33.3,  104, 35
129.4,33.3,  105, 35
129.5,33.3,  107, 35
129.6,33.3,  109, 35
129.7,33.3,  111, 35
129.8,33.3,  113, 35
129.9,33.3,  115, 35
130.0,33.3,  116, 35
125.0,33.4,  25, 36
125.1,33.4,  27, 36
125.2,33.4,  28, 36
125.3,33.4,  30, 36
125.4,33.4,  32, 36
125.5,33.4,  34, 36
125.6,33.4,  36, 36
125.7,33.4,  38, 36
125.8,33.4,  39, 36
125.9,33.4,  41, 36
126.0,33.4,  43, 36
126.1,33.4,  45, 36
126.2,33.4,  47, 36
126.3,33.4,  48, 36
126.4,33.4,  50, 36
126.5,33.4,  52, 36
126.6,33.4,  54, 36
126.7,33.4,  56, 36
126.8,33.4,  58, 36
126.9,33.4,  59, 36
127.0,33.4,  61, 36
127.1,33.4,  63, 36
127.2,33.4,  65, 36
127.3,33.4,  67, 36
127.4,33.4,  69, 36
127.5,33.4,  70, 36
127.6,33.4,  72, 36
127.7,33.4,  74, 36
127.8,33.4,  76, 36
127.9,33.4,  78, 36
128.0,33.4,  80, 36
128.1,33.4,  81, 36
128.2,33.4,  83, 36
128.3,33.4,  85, 36
128.4,33.4,  87, 36
128.5,33.4,  89, 36
128.6,33.4,  91, 37
128.7,33.4,  92, 37
128.8,33.4,  94, 37
128.9,33.4,  96, 37
129.0,33.4,  98, 37
129.1,33.4,  100, 37
129.2,33.4,  102, 37
129.3,33.4,  103, 37
129.4,33.4,  105, 37
129.5,33.4,  107, 37
129.6,33.4,  109, 37
129.7,33.4,  111, 37
129.8,33.4,  113, 37
129.9,33.4,  114, 37
130.0,33.4,  116, 38
125.0,33.5,  25, 38
125.1,33.5,  27, 38
125.2,33.5,  28, 38
125.3,33.5,  30, 38
125.4,33.5,  32, 38
125.5,33.5,  34, 38
125.6,33.5,  36, 38
125.7,33.5,  38, 38
125.8,33.5,  39, 38
125.9,33.5,  41, 38
126.0,33.5,  43, 38
126.1,33.5,  45, 38
126.2,33.5,  47, 38
126.3,33.5,  48, 38
126.4,33.5,  50, 38
126.5,33.5,  52, 38
126.6,33.5,  54, 38
126.7,33.5,  56, 38
126.8,33.5,  58, 38
126.9,33.5,  59, 38
127.0,33.5,  61, 38
127.1,33.5,  63, 38
127.2,33.5,  65, 38
127.3,33.5,  67, 38
127.4,33.5,  69, 38
127.5,33.5,  70, 38
127.6,33.5,  72, 38
127.7,33.5,  74, 38
127.8,33.5,  76, 38
127.9,33.5,  78, 38
128.0,33.5,  80, 38
128.1,33.5,  81, 38
128.2,33.5,  83, 38
128.3,33.5,  85, 39
128.4,33.5,  87, 39
128.5,33.5,  89, 39
128.6,33.5,  91, 39
128.7,33.5,  92, 39
128.8,33.5,  94, 39
128.9,33.5,  96, 39
129.0,33.5,  98, 39
129.1,33.5,  100, 39
129.2,33.5,  102, 39
129.3,33.5,  103, 39
129.4,33.5,  105, 39
129.5,33.5,  107, 39
129.6,33.5,  109, 39
129.7,33.5,  111, 40
129.8,33.5,  112, 40
129.9,33.5,  114, 40
130.0,33.5,  116, 40
125.0,33.6,  25, 40
125.1,33.6,  27, 40
125.2,33.6,  28, 40
125.3,33.6,  30, 40
125.4,33.6,  32, 40
125.5,33.6,  34, 40
125.6,33.6,  36, 40
125.7,33.6,  38, 40
125.8,33.6,  39, 40
125.9,33.6,  41, 40
126.0,33.6,  43, 40
126.1,33.6,  45, 40
126.2,33.6,  47, 40
126.3,33.6,  48, 40
126.4,33.6,  50, 40
126.5,33.6,  52, 40
126.6,33.6,  54, 40
126.7,33.6,  56, 40
126.8,33.6,  58, 40
126.9,33.6,  59, 40
127.0,33.6,  61, 40
127.1,33.6,  63, 40
127.2,33.6,  65, 40
127.3,33.6,  67, 40
127.4,33.6,  69, 40
127.5,33.6,  70, 40
127.6,33.6,  72, 40
127.7,33.6,  74, 40
127.8,33.6,  76, 41
127.9,33.6,  78, 41
128.0,33.6,  80, 41
128.1,33.6,  81, 41
128.2,33.6,  83, 41
128.3,33.6,  85, 41
128.4,33.6,  87, 41
128.5,33.6,  89, 41
128.6,33.6,  90, 41
128.7,33.6,  92, 41
128.8,33.6,  94, 41
128.9,33.6,  96, 41
129.0,33.6,  98, 41
129.1,33.6,  100, 41
129.2,33.6,  101, 41
129.3,33.6,  103, 41
129.4,33.6,  105, 41
129.5,33.6,  107, 42
129.6,33.6,  109, 42
129.7,33.6,  111, 42
129.8,33.6,  112, 42
129.9,33.6,  114, 42
130.0,33.6,  116, 42
125.0,33.7,  25, 42
125.1,33.7,  27, 42
125.2,33.7,  28, 42
125.3,33.7,  30, 42
125.4,33.7,  32, 42
125.5,33.7,  34, 42
125.6,33.7,  36, 42
125.7,33.7,  38, 42
125.8,33.7,  39, 42
125.9,33.7,  41, 42
126.0,33.7,  43, 42
126.1,33.7,  45, 42
126.2,33.7,  47, 42
126.3,33.7,  48, 42
126.4,33.7,  50, 42
126.5,33.7,  52, 42
126.6,33.7,  54, 42
126.7,33.7,  56, 42
126.8,33.7,  58, 42
126.9,33.7,  59, 42
127.0,33.7,  61, 42
127.1,33.7,  63, 42
127.2,33.7,  65, 42
127.3,33.7,  67, 43
127.4,33.7,  69, 43
127.5,33.7,  70, 43
127.6,33.7,  72, 43
127.7,33.7,  74, 43
127.8,33.7,  76, 43
127.9,33.7,  78, 43
128.0,33.7,  79, 43
128.1,33.7,  81, 43
128.2,33.7,  83, 43
128.3,33.7,  85, 43
128.4,33.7,  87, 43
128.5,33.7,  89, 43
128.6,33.7,  90, 43
128.7,33.7,  92, 43
128.8,33.7,  94, 43
128.9,33.7,  96, 43
129.0,33.7,  98, 43
129.1,33.7,  100, 43
129.2,33.7,  101, 43
129.3,33.7,  103, 44
129.4,33.7,  105, 44
129.5,33.7,  107, 44
129.6,33.7,  109, 44
129.7,33.7,  110, 44
129.8,33.7,  112, 44
129.9,33.7,  114, 44
130.0,33.7,  116, 44
125.0,33.8,  25, 45
125.1,33.8,  27, 45
125.2,33.8,  28, 45
125.3,33.8,  30, 45
125.4,33.8,  32, 45
125.5,33.8,  34, 45
125.6,33.8,  36, 45
125.7,33.8,  38, 45
125.8,33.8,  39, 45
125.9,33.8,  41, 45
126.0,33.8,  43, 45
126.1,33.8,  45, 45
126.2,33.8,  47, 45
126.3,33.8,  48, 45
126.4,33.8,  50, 45
126.5,33.8,  52, 45
126.6,33.8,  54, 45
126.7,33.8,  56, 45
126.8,33.8,  58, 45
126.9,33.8,  59, 45
127.0,33.8,  61, 45
127.1,33.8,  63, 45
127.2,33.8,  65, 45
127.3,33.8,  67, 45
127.4,33.8,  68, 45
127.5,33.8,  70, 45
127.6,33.8,  72, 45
127.7,33.8,  74, 45
127.8,33.8,  76, 45
127.9,33.8,  78, 45
128.0,33.8,  79, 45
128.1,33.8,  81, 45
128.2,33.8,  83, 45
128.3,33.8,  85, 45
128.4,33.8,  87, 45
128.5,33.8,  89, 45
128.6,33.8,  90, 45
128.7,33.8,  92, 45
128.8,33.8,  94, 45
128.9,33.8,  96, 45
129.0,33.8,  98, 46
129.1,33.8,  99, 46
129.2,33.8,  101, 46
129.3,33.8,  103, 46
129.4,33.8,  105, 46
129.5,33.8,  107, 46
129.6,33.8,  109, 46
129.7,33.8,  110, 46
129.8,33.8,  112, 46
129.9,33.8,  114, 46
130.0,33.8,  116, 46
125.0,33.9,  25, 47
125.1,33.9,  27, 47
125.2,33.9,  28, 47
125.3,33.9,  30, 47
125.4,33.9,  32, 47
125.5,33.9,  34, 47
125.6,33.9,  36, 47
125.7,33.9,  38, 47
125.8,33.9,  39, 47
125.9,33.9,  41, 47
126.0,33.9,  43, 47
126.1,33.9,  45, 47
126.2,33.9,  47, 47
126.3,33.9,  48, 47
126.4,33.9,  50, 47
126.5,33.9,  52, 47
126.6,33.9,  54, 47
126.7,33.9,  56, 47
126.8,33.9,  58, 47
126.9,33.9,  59, 47
127.0,33.9,  61, 47
127.1,33.9,  63, 47
127.2,33.9,  65, 47
127.3,33.9,  67, 47
127.4,33.9,  68, 47
127.5,33.9,  70, 47
127.6,33.9,  72, 47
127.7,33.9,  74, 47
127.8,33.9,  76, 47
127.9,33.9,  78, 47
128.0,33.9,  79, 47
128.1,33.9,  81, 47
128.2,33.9,  83, 47
128.3,33.9,  85, 47
128.4,33.9,  87, 47
128.5,33.9,  88, 47
128.6,33.9,  90, 47
128.7,33.9,  92, 48
128.8,33.9,  94, 48
128.9,33.9,  96, 48
129.0,33.9,  98, 48
129.1,33.9,  99, 48
129.2,33.9,  101, 48
129.3,33.9,  103, 48
129.4,33.9,  105, 48
129.5,33.9,  107, 48
129.6,33.9,  108, 48
129.7,33.9,  110, 48
129.8,33.9,  112, 48
129.9,33.9,  114, 48
130.0,33.9,  116, 49
125.0,34.0,  25, 49
125.1,34.0,  27, 49
125.2,34.0,  28, 49
125.3,34.0,  30, 49
125.4,34.0,  32, 49
125.5,34.0,  34, 49
125.6,34.0,  36, 49
125.7,34.0,  38, 49
125.8,34.0,  39, 49
125.9,34.0,  41, 49
126.0,34.0,  43, 49
126.1,34.0,  45, 49
126.2,34.0,  47, 49
126.3,34.0,  48, 49
126.4,34.0,  50, 49
126.5,34.0,  52, 49
126.6,34.0,  54, 49
126.7,34.0,  56, 49
126.8,34.0,  58, 49
126.9,34.0,  59, 49
127.0,34.0,  61, 49
127.1,34.0,  63, 49
127.2,34.0,  65, 49
127.3,34.0,  67, 49
127.4,34.0,  68, 49
127.5,34.0,  70, 49
127.6,34.0,  72, 49
127.7,34.0,  74, 49
127.8,34.0,  76, 49
127.9,34.0,  77, 49
128.0,34.0,  79, 49
128.1,34.0,  81, 49
128.2,34.0,  83, 49
128.3,34.0,  85, 50
128.4,34.0,  87, 50
128.5,34.0,  88, 50
128.6,34.0,  90, 50
128.7,34.0,  92, 50
128.8,34.0,  94, 50
128.9,34.0,  96, 50
129.0,34.0,  97, 50
129.1,34.0,  99, 50
129.2,34.0,  101, 50
129.3,34.0,  103, 50
129.4,34.0,  105, 50
129.5,34.0,  107, 50
129.6,34.0,  108, 50
129.7,34.0,  110, 50
129.8,34.0,  112, 51
129.9,34.0,  114, 51
130.0,34.0,  116, 51
125.0,34.1,  25, 51
125.1,34.1,  27, 51
125.2,34.1,  28, 51
125.3,34.1,  30, 51
125.4,34.1,  32, 51
125.5,34.1,  34, 51
125.6,34.1,  36, 51
125.7,34.1,  38, 51
125.8,34.1,  39, 51
125.9,34.1,  41, 51
126.0,34.1,  43, 51
126.1,34.1,  45, 51
126.2,34.1,  47, 51
126.3,34.1,  48, 51
126.4,34.1,  50, 51
126.5,34.1,  52, 51
126.6,34.1,  54, 51
126.7,34.1,  56, 51
126.8,34.1,  58, 51
126.9,34.1,  59, 51
127.0,34.1,  61, 51
127.1,34.1,  63, 51
127.2,34.1,  65, 51
127.3,34.1,  67, 51
127.4,34.1,  68, 51
127.5,34.1,  70, 51
127.6,34.1,  72, 51
127.7,34.1,  74, 51
127.8,34.1,  76, 51
127.9,34.1,  77, 52
128.0,34.1,  79, 52
128.1,34.1,  81, 52
128.2,34.1,  83, 52
128.3,34.1,  85, 52
128.4,34.1,  87, 52
128.5,34.1,  88, 52
128.6,34.1,  90, 52
128.7,34.1,  92, 52
128.8,34.1,  94, 52
128.9,34.1,  96, 52
129.0,34.1,  97, 52
129.1,34.1,  99, 52
129.2,34.1,  101, 52
129.3,34.1,  103, 52
129.4,34.1,  105, 52
129.5,34.1,  106, 52
129.6,34.1,  108, 53
129.7,34.1,  110, 53
129.8,34.1,  112, 53
129.9,34.1,  114, 53
130.0,34.1,  115, 53
125.0,34.2,  25, 53
125.1,34.2,  27, 53
125.2,34.2,  29, 53
125.3,34.2,  30, 53
125.4,34.2,  32, 53
125.5,34.2,  34, 53
125.6,34.2,  36, 53
125.7,34.2,  38, 53
125.8,34.2,  39, 53
125.9,34.2,  41, 53
126.0,34.2,  43, 53
126.1,34.2,  45, 53
126.2,34.2,  47, 53
126.3,34.2,  48, 53
126.4,34.2,  50, 53
126.5,34.2,  52, 53
126.6,34.2,  54, 53
126.7,34.2,  56, 53
126.8,34.2,  57, 53
126.9,34.2,  59, 53
127.0,34.2,  61, 53
127.1,34.2,  63, 53
127.2,34.2,  65, 53
127.3,34.2,  67, 53
127.4,34.2,  68, 54
127.5,34.2,  70, 54
127.6,34.2,  72, 54
127.7,34.2,  74, 54
127.8,34.2,  76, 54
127.9,34.2,  77, 54
128.0,34.2,  79, 54
128.1,34.2,  81, 54
128.2,34.2,  83, 54
128.3,34.2,  85, 54
128.4,34.2,  86, 54
128.5,34.2,  88, 54
128.6,34.2,  90, 54
128.7,34.2,  92, 54
128.8,34.2,  94, 54
128.9,34.2,  95, 54
129.0,34.2,  97, 54
129.1,34.2,  99, 54
129.2,34.2,  101, 54
129.3,34.2,  103, 55
129.4,34.2,  105, 55
129.5,34.2,  106, 55
129.6,34.2,  108, 55
129.7,34.2,  110, 55
129.8,34.2,  112, 55
129.9,34.2,  114, 55
130.0,34.2,  115, 55
125.0,34.3,  25, 56
125.1,34.3,  27, 56
125.2,34.3,  29, 56
125.3,34.3,  30, 56
125.4,34.3,  32, 56
125.5,34.3,  34, 56
125.6,34.3,  36, 55
125.7,34.3,  38, 55
125.8,34.3,  39, 55
125.9,34.3,  41, 55
126.0,34.3,  43, 55
126.1,34.3,  45, 55
126.2,34.3,  47, 55
126.3,34.3,  48, 55
126.4,34.3,  50, 55
126.5,34.3,  52, 56
126.6,34.3,  54, 56
126.7,34.3,  56, 56
126.8,34.3,  57, 56
126.9,34.3,  59, 56
127.0,34.3,  61, 56
127.1,34.3,  63, 56
127.2,34.3,  65, 56
127.3,34.3,  66, 56
127.4,34.3,  68, 56
127.5,34.3,  70, 56
127.6,34.3,  72, 56
127.7,34.3,  74, 56
127.8,34.3,  76, 56
127.9,34.3,  77, 56
128.0,34.3,  79, 56
128.1,34.3,  81, 56
128.2,34.3,  83, 56
128.3,34.3,  85, 56
128.4,34.3,  86, 56
128.5,34.3,  88, 56
128.6,34.3,  90, 56
128.7,34.3,  92, 56
128.8,34.3,  94, 56
128.9,34.3,  95, 56
129.0,34.3,  97, 56
129.1,34.3,  99, 57
129.2,34.3,  101, 57
129.3,34.3,  103, 57
129.4,34.3,  104, 57
129.5,34.3,  106, 57
129.6,34.3,  108, 57
129.7,34.3,  110, 57
129.8,34.3,  112, 57
129.9,34.3,  113, 57
130.0,34.3,  115, 57
125.0,34.4,  25, 58
125.1,34.4,  27, 58
125.2,34.4,  29, 58
125.3,34.4,  30, 58
125.4,34.4,  32, 58
125.5,34.4,  34, 58
125.6,34.4,  36, 58
125.7,34.4,  38, 58
125.8,34.4,  39, 58
125.9,34.4,  41, 58
126.0,34.4,  43, 58
126.1,34.4,  45, 58
126.2,34.4,  47, 58
126.3,34.4,  48, 58
126.4,34.4,  50, 58
126.5,34.4,  52, 58
126.6,34.4,  54, 58
126.7,34.4,  56, 58
126.8,34.4,  57, 58
126.9,34.4,  59, 58
127.0,34.4,  61, 58
127.1,34.4,  63, 58
127.2,34.4,  65, 58
127.3,34.4,  66, 58
127.4,34.4,  68, 58
127.5,34.4,  70, 58
127.6,34.4,  72, 58
127.7,34.4,  74, 58
127.8,34.4,  75, 58
127.9,34.4,  77, 58
128.0,34.4,  79, 58
128.1,34.4,  81, 58
128.2,34.4,  83, 58
128.3,34.4,  85, 58
128.4,34.4,  86, 58
128.5,34.4,  88, 58
128.6,34.4,  90, 58
128.7,34.4,  92, 58
128.8,34.4,  94, 59
128.9,34.4,  95, 59
129.0,34.4,  97, 59
129.1,34.4,  99, 59
129.2,34.4,  101, 59
129.3,34.4,  103, 59
129.4,34.4,  104, 59
129.5,34.4,  106, 59
129.6,34.4,  108, 59
129.7,34.4,  110, 59
129.8,34.4,  112, 59
129.9,34.4,  113, 59
130.0,34.4,  115, 59
125.0,34.5,  25, 60
125.1,34.5,  27, 60
125.2,34.5,  29, 60
125.3,34.5,  30, 60
125.4,34.5,  32, 60
125.5,34.5,  34, 60
125.6,34.5,  36, 60
125.7,34.5,  38, 60
125.8,34.5,  39, 60
125.9,34.5,  41, 60
126.0,34.5,  43, 60
126.1,34.5,  45, 60
126.2,34.5,  47, 60
126.3,34.5,  48, 60
126.4,34.5,  50, 60
126.5,34.5,  52, 60
126.6,34.5,  54, 60
126.7,34.5,  56, 60
126.8,34.5,  57, 60
126.9,34.5,  59, 60
127.0,34.5,  61, 60
127.1,34.5,  63, 60
127.2,34.5,  65, 60
127.3,34.5,  66, 60
127.4,34.5,  68, 60
127.5,34.5,  70, 60
127.6,34.5,  72, 60
127.7,34.5,  74, 60
127.8,34.5,  75, 60
127.9,34.5,  77, 60
128.0,34.5,  79, 60
128.1,34.5,  81, 60
128.2,34.5,  83, 60
128.3,34.5,  84, 60
128.4,34.5,  86, 60
128.5,34.5,  88, 61
128.6,34.5,  90, 61
128.7,34.5,  92, 61
128.8,34.5,  93, 61
128.9,34.5,  95, 61
129.0,34.5,  97, 61
129.1,34.5,  99, 61
129.2,34.5,  101, 61
129.3,34.5,  102, 61
129.4,34.5,  104, 61
129.5,34.5,  106, 61
129.6,34.5,  108, 61
129.7,34.5,  110, 61
129.8,34.5,  111, 61
129.9,34.5,  113, 62
130.0,34.5,  115, 62
125.0,34.6,  25, 62
125.1,34.6,  27, 62
125.2,34.6,  29, 62
125.3,34.6,  30, 62
125.4,34.6,  32, 62
125.5,34.6,  34, 62
125.6,34.6,  36, 62
125.7,34.6,  38, 62
125.8,34.6,  39, 62
125.9,34.6,  41, 62
126.0,34.6,  43, 62
126.1,34.6,  45, 62
126.2,34.6,  47, 62
126.3,34.6,  48, 62
126.4,34.6,  50, 62
126.5,34.6,  52, 62
126.6,34.6,  54, 62
126.7,34.6,  56, 62
126.8,34.6,  57, 62
126.9,34.6,  59, 62
127.0,34.6,  61, 62
127.1,34.6,  63, 62
127.2,34.6,  65, 62
127.3,34.6,  66, 62
127.4,34.6,  68, 62
127.5,34.6,  70, 62
127.6,34.6,  72, 62
127.7,34.6,  74, 62
127.8,34.6,  75, 62
127.9,34.6,  77, 62
128.0,34.6,  79, 62
128.1,34.6,  81, 63
128.2,34.6,  83, 63
128.3,34.6,  84, 63
128.4,34.6,  86, 63
128.5,34.6,  88, 63
128.6,34.6,  90, 63
128.7,34.6,  92, 63
128.8,34.6,  93, 63
128.9,34.6,  95, 63
129.0,34.6,  97, 63
129.1,34.6,  99, 63
129.2,34.6,  101, 63
129.3,34.6,  102, 63
129.4,34.6,  104, 63
129.5,34.6,  106, 63
129.6,34.6,  108, 63
129.7,34.6,  110, 64
129.8,34.6,  111, 64
129.9,34.6,  113, 64
130.0,34.6,  115, 64
125.0,34.7,  25, 64
125.1,34.7,  27, 64
125.2,34.7,  29, 64
125.3,34.7,  30, 64
125.4,34.7,  32, 64
125.5,34.7,  34, 64
125.6,34.7,  36, 64
125.7,34.7,  38, 64
125.8,34.7,  39, 64
125.9,34.7,  41, 64
126.0,34.7,  43, 64
126.1,34.7,  45, 64
126.2,34.7,  47, 64
126.3,34.7,  48, 64
126.4,34.7,  50, 64
126.5,34.7,  52, 64
126.6,34.7,  54, 64
126.7,34.7,  56, 64
126.8,34.7,  57, 64
126.9,34.7,  59, 64
127.0,34.7,  61, 64
127.1,34.7,  63, 64
127.2,34.7,  65, 64
127.3,34.7,  66, 64
127.4,34.7,  68, 64
127.5,34.7,  70, 64
127.6,34.7,  72, 65
127.7,34.7,  74, 65
127.8,34.7,  75, 65
127.9,34.7,  77, 65
128.0,34.7,  79, 65
128.1,34.7,  81, 65
128.2,34.7,  83, 65
128.3,34.7,  84, 65
128.4,34.7,  86, 65
128.5,34.7,  88, 65
128.6,34.7,  90, 65
128.7,34.7,  91, 65
128.8,34.7,  93, 65
128.9,34.7,  95, 65
129.0,34.7,  97, 65
129.1,34.7,  99, 65
129.2,34.7,  100, 65
129.3,34.7,  102, 65
129.4,34.7,  104, 66
129.5,34.7,  106, 66
129.6,34.7,  108, 66
129.7,34.7,  109, 66
129.8,34.7,  111, 66
129.9,34.7,  113, 66
130.0,34.7,  115, 66
125.0,34.8,  25, 67
125.1,34.8,  27, 66
125.2,34.8,  29, 66
125.3,34.8,  30, 66
125.4,34.8,  32, 66
125.5,34.8,  34, 66
125.6,34.8,  36, 66
125.7,34.8,  38, 66
125.8,34.8,  39, 66
125.9,34.8,  41, 66
126.0,34.8,  43, 66
126.1,34.8,  45, 66
126.2,34.8,  47, 66
126.3,34.8,  48, 66
126.4,34.8,  50, 66
126.5,34.8,  52, 66
126.6,34.8,  54, 66
126.7,34.8,  56, 66
126.8,34.8,  57, 66
126.9,34.8,  59, 66
127.0,34.8,  61, 67
127.1,34.8,  63, 67
127.2,34.8,  65, 67
127.3,34.8,  66, 67
127.4,34.8,  68, 67
127.5,34.8,  70, 67
127.6,34.8,  72, 67
127.7,34.8,  73, 67
127.8,34.8,  75, 67
127.9,34.8,  77, 67
128.0,34.8,  79, 67
128.1,34.8,  81, 67
128.2,34.8,  82, 67
128.3,34.8,  84, 67
128.4,34.8,  86, 67
128.5,34.8,  88, 67
128.6,34.8,  90, 67
128.7,34.8,  91, 67
128.8,34.8,  93, 67
128.9,34.8,  95, 67
129.0,34.8,  97, 67
129.1,34.8,  99, 67
129.2,34.8,  100, 68
129.3,34.8,  102, 68
129.4,34.8,  104, 68
129.5,34.8,  106, 68
129.6,34.8,  108, 68
129.7,34.8,  109, 68
129.8,34.8,  111, 68
129.9,34.8,  113, 68
130.0,34.8,  115, 68
125.0,34.9,  25, 69
125.1,34.9,  27, 69
125.2,34.9,  29, 69
125.3,34.9,  30, 69
125.4,34.9,  32, 69
125.5,34.9,  34, 69
125.6,34.9,  36, 69
125.7,34.9,  38, 69
125.8,34.9,  39, 69
125.9,34.9,  41, 69
126.0,34.9,  43, 69
126.1,34.9,  45, 69
126.2,34.9,  47, 69
126.3,34.9,  48, 69
126.4,34.9,  50, 69
126.5,34.9,  52, 69
126.6,34.9,  54, 69
126.7,34.9,  56, 69
126.8,34.9,  57, 69
126.9,34.9,  59, 69
127.0,34.9,  61, 69
127.1,34.9,  63, 69
127.2,34.9,  64, 69
127.3,34.9,  66, 69
127.4,34.9,  68, 69
127.5,34.9,  70, 69
127.6,34.9,  72, 69
127.7,34.9,  73, 69
127.8,34.9,  75, 69
127.9,34.9,  77, 69
128.0,34.9,  79, 69
128.1,34.9,  81, 69
128.2,34.9,  82, 69
128.3,34.9,  84, 69
128.4,34.9,  86, 69
128.5,34.9,  88, 69
128.6,34.9,  90, 69
128.7,34.9,  91, 69
128.8,34.9,  93, 69
128.9,34.9,  95, 70
129.0,34.9,  97, 70
129.1,34.9,  99, 70
129.2,34.9,  100, 70
129.3,34.9,  102, 70
129.4,34.9,  104, 70
129.5,34.9,  106, 70
129.6,34.9,  107, 70
129.7,34.9,  109, 70
129.8,34.9,  111, 70
129.9,34.9,  113, 70
130.0,34.9,  115, 70
125.0,35.0,  25, 71
125.1,35.0,  27, 71
125.2,35.0,  29, 71
125.3,35.0,  30, 71
125.4,35.0,  32, 71
125.5,35.0,  34, 71
125.6,35.0,  36, 71
125.7,35.0,  38, 71
125.8,35.0,  39, 71
125.9,35.0,  41, 71
126.0,35.0,  43, 71
126.1,35.0,  45, 71
126.2,35.0,  47, 71
126.3,35.0,  48, 71
126.4,35.0,  50, 71
126.5,35.0,  52, 71
126.6,35.0,  54, 71
126.7,35.0,  56, 71
126.8,35.0,  57, 71
126.9,35.0,  59, 71
127.0,35.0,  61, 71
127.1,35.0,  63, 71
127.2,35.0,  64, 71
127.3,35.0,  66, 71
127.4,35.0,  68, 71
127.5,35.0,  70, 71
127.6,35.0,  72, 71
127.7,35.0,  73, 71
127.8,35.0,  75, 71
127.9,35.0,  77, 71
128.0,35.0,  79, 71
128.1,35.0,  81, 71
128.2,35.0,  82, 71
128.3,35.0,  84, 71
128.4,35.0,  86, 71
128.5,35.0,  88, 71
128.6,35.0,  89, 72
128.7,35.0,  91, 72
128.8,35.0,  93, 72
128.9,35.0,  95, 72
129.0,35.0,  97, 72
129.1,35.0,  98, 72
129.2,35.0,  100, 72
129.3,35.0,  102, 72
129.4,35.0,  104, 72
129.5,35.0,  106, 72
129.6,35.0,  107, 72
129.7,35.0,  109, 72
129.8,35.0,  111, 72
129.9,35.0,  113, 72
130.0,35.0,  115, 73
125.0,35.1,  25, 73
125.1,35.1,  27, 73
125.2,35.1,  29, 73
125.3,35.1,  31, 73
125.4,35.1,  32, 73
125.5,35.1,  34, 73
125.6,35.1,  36, 73
125.7,35.1,  38, 73
125.8,35.1,  39, 73
125.9,35.1,  41, 73
126.0,35.1,  43, 73
126.1,35.1,  45, 73
126.2,35.1,  47, 73
126.3,35.1,  48, 73
126.4,35.1,  50, 73
126.5,35.1,  52, 73
126.6,35.1,  54, 73
126.7,35.1,  55, 73
126.8,35.1,  57, 73
126.9,35.1,  59, 73
127.0,35.1,  61, 73
127.1,35.1,  63, 73
127.2,35.1,  64, 73
127.3,35.1,  66, 73
127.4,35.1,  68, 73
127.5,35.1,  70, 73
127.6,35.1,  72, 73
127.7,35.1,  73, 73
127.8,35.1,  75, 73
127.9,35.1,  77, 73
128.0,35.1,  79, 73
128.1,35.1,  80, 73
128.2,35.1,  82, 73
128.3,35.1,  84, 74
128.4,35.1,  86, 74
128.5,35.1,  88, 74
128.6,35.1,  89, 74
128.7,35.1,  91, 74
128.8,35.1,  93, 74
128.9,35.1,  95, 74
129.0,35.1,  97, 74
129.1,35.1,  98, 74
129.2,35.1,  100, 74
129.3,35.1,  102, 74
129.4,35.1,  104, 74
129.5,35.1,  105, 74
129.6,35.1,  107, 74
129.7,35.1,  109, 74
129.8,35.1,  111, 75
129.9,35.1,  113, 75
130.0,35.1,  114, 75
125.0,35.2,  25, 75
125.1,35.2,  27, 75
125.2,35.2,  29, 75
125.3,35.2,  31, 75
125.4,35.2,  32, 75
125.5,35.2,  34, 75
125.6,35.2,  36, 75
125.7,35.2,  38, 75
125.8,35.2,  39, 75
125.9,35.2,  41, 75
126.0,35.2,  43, 75
126.1,35.2,  45, 75
126.2,35.2,  47, 75
126.3,35.2,  48, 75
126.4,35.2,  50, 75
126.5,35.2,  52, 75
126.6,35.2,  54, 75
126.7,35.2,  55, 75
126.8,35.2,  57, 75
126.9,35.2,  59, 75
127.0,35.2,  61, 75
127.1,35.2,  63, 75
127.2,35.2,  64, 75
127.3,35.2,  66, 75
127.4,35.2,  68, 75
127.5,35.2,  70, 75
127.6,35.2,  72, 75
127.7,35.2,  73, 75
127.8,35.2,  75, 75
127.9,35.2,  77, 76
128.0,35.2,  79, 76
128.1,35.2,  80, 76
128.2,35.2,  82, 76
128.3,35.2,  84, 76
128.4,35.2,  86, 76
128.5,35.2,  88, 76
128.6,35.2,  89, 76
128.7,35.2,  91, 76
128.8,35.2,  93, 76
128.9,35.2,  95, 76
129.0,35.2,  96, 76
129.1,35.2,  98, 76
129.2,35.2,  100, 76
129.3,35.2,  102, 76
129.4,35.2,  104, 76
129.5,35.2,  105, 77
129.6,35.2,  107, 77
129.7,35.2,  109, 77
129.8,35.2,  111, 77
129.9,35.2,  113, 77
130.0,35.2,  114, 77
125.0,35.3,  25, 77
125.1,35.3,  27, 77
125.2,35.3,  29, 77
125.3,35.3,  31, 77
125.4,35.3,  32, 77
125.5,35.3,  34, 77
125.6,35.3,  36, 77
125.7,35.3,  38, 77
125.8,35.3,  39, 77
125.9,35.3,  41, 77
126.0,35.3,  43, 77
126.1,35.3,  45, 77
126.2,35.3,  47, 77
126.3,35.3,  48, 77
126.4,35.3,  50, 77
126.5,35.3,  52, 77
126.6,35.3,  54, 77
126.7,35.3,  55, 77
126.8,35.3,  57, 77
126.9,35.3,  59, 77
127.0,35.3,  61, 77
127.1,35.3,  63, 77
127.2,35.3,  64, 77
127.3,35.3,  66, 78
127.4,35.3,  68, 78
127.5,35.3,  70, 78
127.6,35.3,  71, 78
127.7,35.3,  73, 78
127.8,35.3,  75, 78
127.9,35.3,  77, 78
128.0,35.3,  79, 78
128.1,35.3,  80, 78
128.2,35.3,  82, 78
128.3,35.3,  84, 78
128.4,35.3,  86, 78
128.5,35.3,  87, 78
128.6,35.3,  89, 78
128.7,35.3,  91, 78
128.8,35.3,  93, 78
128.9,35.3,  95, 78
129.0,35.3,  96, 78
129.1,35.3,  98, 78
129.2,35.3,  100, 78
129.3,35.3,  102, 79
129.4,35.3,  104, 79
129.5,35.3,  105, 79
129.6,35.3,  107, 79
129.7,35.3,  109, 79
129.8,35.3,  111, 79
129.9,35.3,  112, 79
130.0,35.3,  114, 79
125.0,35.4,  25, 80
125.1,35.4,  27, 80
125.2,35.4,  29, 80
125.3,35.4,  31, 80
125.4,35.4,  32, 80
125.5,35.4,  34, 80
125.6,35.4,  36, 80
125.7,35.4,  38, 80
125.8,35.4,  39, 80
125.9,35.4,  41, 80
126.0,35.4,  43, 79
126.1,35.4,  45, 80
126.2,35.4,  47, 80
126.3,35.4,  48, 80
126.4,35.4,  50, 80
126.5,35.4,  52, 80
126.6,35.4,  54, 80
126.7,35.4,  55, 80
126.8,35.4,  57, 80
126.9,35.4,  59, 80
127.0,35.4,  61, 80
127.1,35.4,  63, 80
127.2,35.4,  64, 80
127.3,35.4,  66, 80
127.4,35.4,  68, 80
127.5,35.4,  70, 80
127.6,35.4,  71, 80
127.7,35.4,  73, 80
127.8,35.4,  75, 80
127.9,35.4,  77, 80
128.0,35.4,  79, 80
128.1,35.4,  80, 80
128.2,35.4,  82, 80
128.3,35.4,  84, 80
128.4,35.4,  86, 80
128.5,35.4,  87, 80
128.6,35.4,  89, 80
128.7,35.4,  91, 80
128.8,35.4,  93, 80
128.9,35.4,  95, 80
129.0,35.4,  96, 80
129.1,35.4,  98, 81
129.2,35.4,  100, 81
129.3,35.4,  102, 81
129.4,35.4,  103, 81
129.5,35.4,  105, 81
129.6,35.4,  107, 81
129.7,35.4,  109, 81
129.8,35.4,  111, 81
129.9,35.4,  112, 81
130.0,35.4,  114, 81
125.0,35.5,  25, 82
125.1,35.5,  27, 82
125.2,35.5,  29, 82
125.3,35.5,  31, 82
125.4,35.5,  32, 82
125.5,35.5,  34, 82
125.6,35.5,  36, 82
125.7,35.5,  38, 82
125.8,35.5,  39, 82
125.9,35.5,  41, 82
126.0,35.5,  43, 82
126.1,35.5,  45, 82
126.2,35.5,  47, 82
126.3,35.5,  48, 82
126.4,35.5,  50, 82
126.5,35.5,  52, 82
126.6,35.5,  54, 82
126.7,35.5,  55, 82
126.8,35.5,  57, 82
126.9,35.5,  59, 82
127.0,35.5,  61, 82
127.1,35.5,  63, 82
127.2,35.5,  64, 82
127.3,35.5,  66, 82
127.4,35.5,  68, 82
127.5,35.5,  70, 82
127.6,35.5,  71, 82
127.7,35.5,  73, 82
127.8,35.5,  75, 82
127.9,35.5,  77, 82
128.0,35.5,  78, 82
128.1,35.5,  80, 82
128.2,35.5,  82, 82
128.3,35.5,  84, 82
128.4,35.5,  86, 82
128.5,35.5,  87, 82
128.6,35.5,  89, 82
128.7,35.5,  91, 82
128.8,35.5,  93, 83
128.9,35.5,  94, 83
129.0,35.5,  96, 83
129.1,35.5,  98, 83
129.2,35.5,  100, 83
129.3,35.5,  102, 83
129.4,35.5,  103, 83
129.5,35.5,  105, 83
129.6,35.5,  107, 83
129.7,35.5,  109, 83
129.8,35.5,  110, 83
129.9,35.5,  112, 83
130.0,35.5,  114, 83
125.0,35.6,  25, 84
125.1,35.6,  27, 84
125.2,35.6,  29, 84
125.3,35.6,  31, 84
125.4,35.6,  32, 84
125.5,35.6,  34, 84
125.6,35.6,  36, 84
125.7,35.6,  38, 84
125.8,35.6,  39, 84
125.9,35.6,  41, 84
126.0,35.6,  43, 84
126.1,35.6,  45, 84
126.2,35.6,  47, 84
126.3,35.6,  48, 84
126.4,35.6,  50, 84
126.5,35.6,  52, 84
126.6,35.6,  54, 84
126.7,35.6,  55, 84
126.8,35.6,  57, 84
126.9,35.6,  59, 84
127.0,35.6,  61, 84
127.1,35.6,  62, 84
127.2,35.6,  64, 84
127.3,35.6,  66, 84
127.4,35.6,  68, 84
127.5,35.6,  70, 84
127.6,35.6,  71, 84
127.7,35.6,  73, 84
127.8,35.6,  75, 84
127.9,35.6,  77, 84
128.0,35.6,  78, 84
128.1,35.6,  80, 84
128.2,35.6,  82, 84
128.3,35.6,  84, 84
128.4,35.6,  86, 84
128.5,35.6,  87, 85
128.6,35.6,  89, 85
128.7,35.6,  91, 85
128.8,35.6,  93, 85
128.9,35.6,  94, 85
129.0,35.6,  96, 85
129.1,35.6,  98, 85
129.2,35.6,  100, 85
129.3,35.6,  101, 85
129.4,35.6,  103, 85
129.5,35.6,  105, 85
129.6,35.6,  107, 85
129.7,35.6,  109, 85
129.8,35.6,  110, 85
129.9,35.6,  112, 86
130.0,35.6,  114, 86
125.0,35.7,  25, 86
125.1,35.7,  27, 86
125.2,35.7,  29, 86
125.3,35.7,  31, 86
125.4,35.7,  32, 86
125.5,35.7,  34, 86
125.6,35.7,  36, 86
125.7,35.7,  38, 86
125.8,35.7,  39, 86
125.9,35.7,  41, 86
126.0,35.7,  43, 86
126.1,35.7,  45, 86
126.2,35.7,  47, 86
126.3,35.7,  48, 86
126.4,35.7,  50, 86
126.5,35.7,  52, 86
126.6,35.7,  54, 86
126.7,35.7,  55, 86
126.8,35.7,  57, 86
126.9,35.7,  59, 86
127.0,35.7,  61, 86
127.1,35.7,  62, 86
127.2,35.7,  64, 86
127.3,35.7,  66, 86
127.4,35.7,  68, 86
127.5,35.7,  70, 86
127.6,35.7,  71, 86
127.7,35.7,  73, 86
127.8,35.7,  75, 86
127.9,35.7,  77, 86
128.0,35.7,  78, 86
128.1,35.7,  80, 87
128.2,35.7,  82, 87
128.3,35.7,  84, 87
128.4,35.7,  85, 87
128.5,35.7,  87, 87
128.6,35.7,  89, 87
128.7,35.7,  91, 87
128.8,35.7,  93, 87
128.9,35.7,  94, 87
129.0,35.7,  96, 87
129.1,35.7,  98, 87
129.2,35.7,  100, 87
129.3,35.7,  101, 87
129.4,35.7,  103, 87
129.5,35.7,  105, 87
129.6,35.7,  107, 87
129.7,35.7,  108, 88
129.8,35.7,  110, 88
129.9,35.7,  112, 88
130.0,35.7,  114, 88
125.0,35.8,  25, 88
125.1,35.8,  27, 88
125.2,35.8,  29, 88
125.3,35.8,  31, 88
125.4,35.8,  32, 88
125.5,35.8,  34, 88
125.6,35.8,  36, 88
125.7,35.8,  38, 88
125.8,35.8,  39, 88
125.9,35.8,  41, 88
126.0,35.8,  43, 88
126.1,35.8,  45, 88
126.2,35.8,  47, 88
126.3,35.8,  48, 88
126.4,35.8,  50, 88
126.5,35.8,  52, 88
126.6,35.8,  54, 88
126.7,35.8,  55, 88
126.8,35.8,  57, 88
126.9,35.8,  59, 88
127.0,35.8,  61, 88
127.1,35.8,  62, 88
127.2,35.8,  64, 88
127.3,35.8,  66, 88
127.4,35.8,  68, 88
127.5,35.8,  69, 88
127.6,35.8,  71, 88
127.7,35.8,  73, 89
127.8,35.8,  75, 89
127.9,35.8,  77, 89
128.0,35.8,  78, 89
128.1,35.8,  80, 89
128.2,35.8,  82, 89
128.3,35.8,  84, 89
128.4,35.8,  85, 89
128.5,35.8,  87, 89
128.6,35.8,  89, 89
128.7,35.8,  91, 89
128.8,35.8,  92, 89
128.9,35.8,  94, 89
129.0,35.8,  96, 89
129.1,35.8,  98, 89
129.2,35.8,  100, 89
129.3,35.8,  101, 89
129.4,35.8,  103, 89
129.5,35.8,  105, 90
129.6,35.8,  107, 90
129.7,35.8,  108, 90
129.8,35.8,  110, 90
129.9,35.8,  112, 90
130.0,35.8,  114, 90
125.0,35.9,  25, 91
125.1,35.9,  27, 90
125.2,35.9,  29, 90
125.3,35.9,  31, 90
125.4,35.9,  32, 90
125.5,35.9,  34, 90
125.6,35.9,  36, 90
125.7,35.9,  38, 90
125.8,35.9,  39, 90
125.9,35.9,  41, 90
126.0,35.9,  43, 90
126.1,35.9,  45, 90
126.2,35.9,  47, 90
126.3,35.9,  48, 90
126.4,35.9,  50, 90
126.5,35.9,  52, 90
126.6,35.9,  54, 90
126.7,35.9,  55, 90
126.8,35.9,  57, 90
126.9,35.9,  59, 90
127.0,35.9,  61, 91
127.1,35.9,  62, 91
127.2,35.9,  64, 91
127.3,35.9,  66, 91
127.4,35.9,  68, 91
127.5,35.9,  69, 91
127.6,35.9,  71, 91
127.7,35.9,  73, 91
127.8,35.9,  75, 91
127.9,35.9,  77, 91
128.0,35.9,  78, 91
128.1,35.9,  80, 91
128.2,35.9,  82, 91
128.3,35.9,  84, 91
128.4,35.9,  85, 91
128.5,35.9,  87, 91
128.6,35.9,  89, 91
128.7,35.9,  91, 91
128.8,35.9,  92, 91
128.9,35.9,  94, 91
129.0,35.9,  96, 91
129.1,35.9,  98, 91
129.2,35.9,  99, 92
129.3,35.9,  101, 92
129.4,35.9,  103, 92
129.5,35.9,  105, 92
129.6,35.9,  106, 92
129.7,35.9,  108, 92
129.8,35.9,  110, 92
129.9,35.9,  112, 92
130.0,35.9,  114, 92
125.0,36.0,  25, 93
125.1,36.0,  27, 93
125.2,36.0,  29, 93
125.3,36.0,  31, 93
125.4,36.0,  32, 93
125.5,36.0,  34, 93
125.6,36.0,  36, 93
125.7,36.0,  38, 93
125.8,36.0,  39, 93
125.9,36.0,  41, 93
126.0,36.0,  43, 93
126.1,36.0,  45, 93
126.2,36.0,  47, 93
126.3,36.0,  48, 93
126.4,36.0,  50, 93
126.5,36.0,  52, 93
126.6,36.0,  54, 93
126.7,36.0,  55, 93
126.8,36.0,  57, 93
126.9,36.0,  59, 93
127.0,36.0,  61, 93
127.1,36.0,  62, 93
127.2,36.0,  64, 93
127.3,36.0,  66, 93
127.4,36.0,  68, 93
127.5,36.0,  69, 93
127.6,36.0,  71, 93
127.7,36.0,  73, 93
127.8,36.0,  75, 93
127.9,36.0,  76, 93
128.0,36.0,  78, 93
128.1,36.0,  80, 93
128.2,36.0,  82, 93
128.3,36.0,  84, 93
128.4,36.0,  85, 93
128.5,36.0,  87, 93
128.6,36.0,  89, 93
128.7,36.0,  91, 93
128.8,36.0,  92, 93
128.9,36.0,  94, 93
129.0,36.0,  96, 94
129.1,36.0,  98, 94
129.2,36.0,  99, 94
129.3,36.0,  101, 94
129.4,36.0,  103, 94
129.5,36.0,  105, 94
129.6,36.0,  106, 94
129.7,36.0,  108, 94
129.8,36.0,  110, 94
129.9,36.0,  112, 94
130.0,36.0,  113, 94
125.0,36.1,  25, 95
125.1,36.1,  27, 95
125.2,36.1,  29, 95
125.3,36.1,  31, 95
125.4,36.1,  32, 95
125.5,36.1,  34, 95
125.6,36.1,  36, 95
125.7,36.1,  38, 95
125.8,36.1,  39, 95
125.9,36.1,  41, 95
126.0,36.1,  43, 95
126.1,36.1,  45, 95
126.2,36.1,  47, 95
126.3,36.1,  48, 95
126.4,36.1,  50, 95
126.5,36.1,  52, 95
126.6,36.1,  54, 95
126.7,36.1,  55, 95
126.8,36.1,  57, 95
126.9,36.1,  59, 95
127.0,36.1,  61, 95
127.1,36.1,  62, 95
127.2,36.1,  64, 95
127.3,36.1,  66, 95
127.4,36.1,  68, 95
127.5,36.1,  69, 95
127.6,36.1,  71, 95
127.7,36.1,  73, 95
127.8,36.1,  75, 95
127.9,36.1,  76, 95
128.0,36.1,  78, 95
128.1,36.1,  80, 95
128.2,36.1,  82, 95
128.3,36.1,  83, 95
128.4,36.1,  85, 95
128.5,36.1,  87, 95
128.6,36.1,  89, 95
128.7,36.1,  90, 96
128.8,36.1,  92, 96
128.9,36.1,  94, 96
129.0,36.1,  96, 96
129.1,36.1,  97, 96
129.2,36.1,  99, 96
129.3,36.1,  101, 96
129.4,36.1,  103, 96
129.5,36.1,  105, 96
129.6,36.1,  106, 96
129.7,36.1,  108, 96
129.8,36.1,  110, 96
129.9,36.1,  112, 96
130.0,36.1,  113, 97
125.0,36.2,  25, 97
125.1,36.2,  27, 97
125.2,36.2,  29, 97
125.3,36.2,  31, 97
125.4,36.2,  32, 97
125.5,36.2,  34, 97
125.6,36.2,  36, 97
125.7,36.2,  38, 97
125.8,36.2,  39, 97
125.9,36.2,  41, 97
126.0,36.2,  43, 97
126.1,36.2,  45, 97
126.2,36.2,  47, 97
126.3,36.2,  48, 97
126.4,36.2,  50, 97
126.5,36.2,  52, 97
126.6,36.2,  54, 97
126.7,36.2,  55, 97
126.8,36.2,  57, 97
126.9,36.2,  59, 97
127.0,36.2,  61, 97
127.1,36.2,  62, 97
127.2,36.2,  64, 97
127.3,36.2,  66, 97
127.4,36.2,  68, 97
127.5,36.2,  69, 97
127.6,36.2,  71, 97
127.7,36.2,  73, 97
127.8,36.2,  75, 97
127.9,36.2,  76, 97
128.0,36.2,  78, 97
128.1,36.2,  80, 97
128.2,36.2,  82, 97
128.3,36.2,  83, 98
128.4,36.2,  85, 98
128.5,36.2,  87, 98
128.6,36.2,  89, 98
128.7,36.2,  90, 98
128.8,36.2,  92, 98
128.9,36.2,  94, 98
129.0,36.2,  96, 98
129.1,36.2,  97, 98
129.2,36.2,  99, 98
129.3,36.2,  101, 98
129.4,36.2,  103, 98
129.5,36.2,  104, 98
129.6,36.2,  106, 98
129.7,36.2,  108, 98
129.8,36.2,  110, 99
129.9,36.2,  111, 99
130.0,36.2,  113, 99
125.0,36.3,  25, 99
125.1,36.3,  27, 99
125.2,36.3,  29, 99
125.3,36.3,  31, 99
125.4,36.3,  32, 99
125.5,36.3,  34, 99
125.6,36.3,  36, 99
125.7,36.3,  38, 99
125.8,36.3,  39, 99
125.9,36.3,  41, 99
126.0,36.3,  43, 99
126.1,36.3,  45, 99
126.2,36.3,  47, 99
126.3,36.3,  48, 99
126.4,36.3,  50, 99
126.5,36.3,  52, 99
126.6,36.3,  54, 99
126.7,36.3,  55, 99
126.8,36.3,  57, 99
126.9,36.3,  59, 99
127.0,36.3,  61, 99
127.1,36.3,  62, 99
127.2,36.3,  64, 99
127.3,36.3,  66, 99
127.4,36.3,  68, 99
127.5,36.3,  69, 99
127.6,36.3,  71, 99
127.7,36.3,  73, 99
127.8,36.3,  75, 99
127.9,36.3,  76, 99
128.0,36.3,  78, 100
128.1,36.3,  80, 100
128.2,36.3,  82, 100
128.3,36.3,  83, 100
128.4,36.3,  85, 100
128.5,36.3,  87, 100
128.6,36.3,  89, 100
128.7,36.3,  90, 100
128.8,36.3,  92, 100
128.9,36.3,  94, 100
129.0,36.3,  96, 100
129.1,36.3,  97, 100
129.2,36.3,  99, 100
129.3,36.3,  101, 100
129.4,36.3,  103, 100
129.5,36.3,  104, 100
129.6,36.3,  106, 101
129.7,36.3,  108, 101
129.8,36.3,  110, 101
129.9,36.3,  111, 101
130.0,36.3,  113, 101
125.0,36.4,  25, 101
125.1,36.4,  27, 101
125.2,36.4,  29, 101
125.3,36.4,  31, 101
125.4,36.4,  32, 101
125.5,36.4,  34, 101
125.6,36.4,  36, 101
125.7,36.4,  38, 101
125.8,36.4,  39, 101
125.9,36.4,  41, 101
126.0,36.4,  43, 101
126.1,36.4,  45, 101
126.2,36.4,  47, 101
126.3,36.4,  48, 101
126.4,36.4,  50, 101
126.5,36.4,  52, 101
126.6,36.4,  54, 101
126.7,36.4,  55, 101
126.8,36.4,  57, 101
126.9,36.4,  59, 101
127.0,36.4,  61, 101
127.1,36.4,  62, 101
127.2,36.4,  64, 101
127.3,36.4,  66, 101
127.4,36.4,  68, 101
127.5,36.4,  69, 102
127.6,36.4,  71, 102
127.7,36.4,  73, 102
127.8,36.4,  75, 102
127.9,36.4,  76, 102
128.0,36.4,  78, 102
128.1,36.4,  80, 102
128.2,36.4,  82, 102
128.3,36.4,  83, 102
128.4,36.4,  85, 102
128.5,36.4,  87, 102
128.6,36.4,  89, 102
128.7,36.4,  90, 102
128.8,36.4,  92, 102
128.9,36.4,  94, 102
129.0,36.4,  95, 102
129.1,36.4,  97, 102
129.2,36.4,  99, 102
129.3,36.4,  101, 102
129.4,36.4,  102, 103
129.5,36.4,  104, 103
129.6,36.4,  106, 103
129.7,36.4,  108, 103
129.8,36.4,  109, 103
129.9,36.4,  111, 103
130.0,36.4,  113, 103
125.0,36.5,  26, 104
125.1,36.5,  27, 104
125.2,36.5,  29, 104
125.3,36.5,  31, 104
125.4,36.5,  33, 103
125.5,36.5,  34, 103
125.6,36.5,  36, 103
125.7,36.5,  38, 103
125.8,36.5,  40, 103
125.9,36.5,  41, 103
126.0,36.5,  43, 103
126.1,36.5,  45, 103
126.2,36.5,  46, 103
126.3,36.5,  48, 103
126.4,36.5,  50, 103
126.5,36.5,  52, 103
126.6,36.5,  53, 103
126.7,36.5,  55, 104
126.8,36.5,  57, 104
126.9,36.5,  59, 104
127.0,36.5,  60, 104
127.1,36.5,  62, 104
127.2,36.5,  64, 104
127.3,36.5,  66, 104
127.4,36.5,  67, 104
127.5,36.5,  69, 104
127.6,36.5,  71, 104
127.7,36.5,  73, 104
127.8,36.5,  74, 104
127.9,36.5,  76, 104
128.0,36.5,  78, 104
128.1,36.5,  80, 104
128.2,36.5,  81, 104
128.3,36.5,  83, 104
128.4,36.5,  85, 104
128.5,36.5,  87, 104
128.6,36.5,  88, 104
128.7,36.5,  90, 104
128.8,36.5,  92, 104
128.9,36.5,  94, 104
129.0,36.5,  95, 104
129.1,36.5,  97, 104
129.2,36.5,  99, 105
129.3,36.5,  101, 105
129.4,36.5,  102, 105
129.5,36.5,  104, 105
129.6,36.5,  106, 105
129.7,36.5,  108, 105
129.8,36.5,  109, 105
129.9,36.5,  111, 105
130.0,36.5,  113, 105
125.0,36.6,  26, 106
125.1,36.6,  27, 106
125.2,36.6,  29, 106
125.3,36.6,  31, 106
125.4,36.6,  33, 106
125.5,36.6,  34, 106
125.6,36.6,  36, 106
125.7,36.6,  38, 106
125.8,36.6,  40, 106
125.9,36.6,  41, 106
126.0,36.6,  43, 106
126.1,36.6,  45, 106
126.2,36.6,  46, 106
126.3,36.6,  48, 106
126.4,36.6,  50, 106
126.5,36.6,  52, 106
126.6,36.6,  53, 106
126.7,36.6,  55, 106
126.8,36.6,  57, 106
126.9,36.6,  59, 106
127.0,36.6,  60, 106
127.1,36.6,  62, 106
127.2,36.6,  64, 106
127.3,36.6,  66, 106
127.4,36.6,  67, 106
127.5,36.6,  69, 106
127.6,36.6,  71, 106
127.7,36.6,  73, 106
127.8,36.6,  74, 106
127.9,36.6,  76, 106
128.0,36.6,  78, 106
128.1,36.6,  80, 106
128.2,36.6,  81, 106
128.3,36.6,  83, 106
128.4,36.6,  85, 106
128.5,36.6,  87, 106
128.6,36.6,  88, 106
128.7,36.6,  90, 106
128.8,36.6,  92, 106
128.9,36.6,  94, 107
129.0,36.6,  95, 107
129.1,36.6,  97, 107
129.2,36.6,  99, 107
129.3,36.6,  101, 107
129.4,36.6,  102, 107
129.5,36.6,  104, 107
129.6,36.6,  106, 107
129.7,36.6,  108, 107
129.8,36.6,  109, 107
129.9,36.6,  111, 107
130.0,36.6,  113, 107
125.0,36.7,  26, 108
125.1,36.7,  27, 108
125.2,36.7,  29, 108
125.3,36.7,  31, 108
125.4,36.7,  33, 108
125.5,36.7,  34, 108
125.6,36.7,  36, 108
125.7,36.7,  38, 108
125.8,36.7,  40, 108
125.9,36.7,  41, 108
126.0,36.7,  43, 108
126.1,36.7,  45, 108
126.2,36.7,  46, 108
126.3,36.7,  48, 108
126.4,36.7,  50, 108
126.5,36.7,  52, 108
126.6,36.7,  53, 108
126.7,36.7,  55, 108
126.8,36.7,  57, 108
126.9,36.7,  59, 108
127.0,36.7,  60, 108
127.1,36.7,  62, 108
127.2,36.7,  64, 108
127.3,36.7,  66, 108
127.4,36.7,  67, 108
127.5,36.7,  69, 108
127.6,36.7,  71, 108
127.7,36.7,  73, 108
127.8,36.7,  74, 108
127.9,36.7,  76, 108
128.0,36.7,  78, 108
128.1,36.7,  80, 108
128.2,36.7,  81, 108
128.3,36.7,  83, 108
128.4,36.7,  85, 108
128.5,36.7,  87, 108
128.6,36.7,  88, 109
128.7,36.7,  90, 109
128.8,36.7,  92, 109
128.9,36.7,  94, 109
129.0,36.7,  95, 109
129.1,36.7,  97, 109
129.2,36.7,  99, 109
129.3,36.7,  100, 109
129.4,36.7,  102, 109
129.5,36.7,  104, 109
129.6,36.7,  106, 109
129.7,36.7,  107, 109
129.8,36.7,  109, 109
129.9,36.7,  111, 109
130.0,36.7,  113, 110
125.0,36.8,  26, 110
125.1,36.8,  27, 110
125.2,36.8,  29, 110
125.3,36.8,  31, 110
125.4,36.8,  33, 110
125.5,36.8,  34, 110
125.6,36.8,  36, 110
125.7,36.8,  38, 110
125.8,36.8,  40, 110
125.9,36.8,  41, 110
126.0,36.8,  43, 110
126.1,36.8,  45, 110
126.2,36.8,  46, 110
126.3,36.8,  48, 110
126.4,36.8,  50, 110
126.5,36.8,  52, 110
126.6,36.8,  53, 110
126.7,36.8,  55, 110
126.8,36.8,  57, 110
126.9,36.8,  59, 110
127.0,36.8,  60, 110
127.1,36.8,  62, 110
127.2,36.8,  64, 110
127.3,36.8,  66, 110
127.4,36.8,  67, 110
127.5,36.8,  69, 110
127.6,36.8,  71, 110
127.7,36.8,  73, 110
127.8,36.8,  74, 110
127.9,36.8,  76, 110
128.0,36.8,  78, 110
128.1,36.8,  80, 110
128.2,36.8,  81, 110
128.3,36.8,  83, 111
128.4,36.8,  85, 111
128.5,36.8,  86, 111
128.6,36.8,  88, 111
128.7,36.8,  90, 111
128.8,36.8,  92, 111
128.9,36.8,  93, 111
129.0,36.8,  95, 111
129.1,36.8,  97, 111
129.2,36.8,  99, 111
129.3,36.8,  100, 111
129.4,36.8,  102, 111
129.5,36.8,  104, 111
129.6,36.8,  106, 111
129.7,36.8,  107, 111
129.8,36.8,  109, 112
129.9,36.8,  111, 112
130.0,36.8,  113, 112
125.0,36.9,  26, 112
125.1,36.9,  27, 112
125.2,36.9,  29, 112
125.3,36.9,  31, 112
125.4,36.9,  33, 112
125.5,36.9,  34, 112
125.6,36.9,  36, 112
125.7,36.9,  38, 112
125.8,36.9,  40, 112
125.9,36.9,  41, 112
126.0,36.9,  43, 112
126.1,36.9,  45, 112
126.2,36.9,  46, 112
126.3,36.9,  48, 112
126.4,36.9,  50, 112
126.5,36.9,  52, 112
126.6,36.9,  53, 112
126.7,36.9,  55, 112
126.8,36.9,  57, 112
126.9,36.9,  59, 112
127.0,36.9,  60, 112
127.1,36.9,  62, 112
127.2,36.9,  64, 112
127.3,36.9,  66, 112
127.4,36.9,  67, 112
127.5,36.9,  69, 112
127.6,36.9,  71, 112
127.7,36.9,  73, 112
127.8,36.9,  74, 112
127.9,36.9,  76, 113
128.0,36.9,  78, 113
128.1,36.9,  79, 113
128.2,36.9,  81, 113
128.3,36.9,  83, 113
128.4,36.9,  85, 113
128.5,36.9,  86, 113
128.6,36.9,  88, 113
128.7,36.9,  90, 113
128.8,36.9,  92, 113
128.9,36.9,  93, 113
129.0,36.9,  95, 113
129.1,36.9,  97, 113
129.2,36.9,  99, 113
129.3,36.9,  100, 113
129.4,36.9,  102, 113
129.5,36.9,  104, 113
129.6,36.9,  106, 114
129.7,36.9,  107, 114
129.8,36.9,  109, 114
129.9,36.9,  111, 114
130.0,36.9,  112, 114
125.0,37.0,  26, 114
125.1,37.0,  27, 114
125.2,37.0,  29, 114
125.3,37.0,  31, 114
125.4,37.0,  33, 114
125.5,37.0,  34, 114
125.6,37.0,  36, 114
125.7,37.0,  38, 114
125.8,37.0,  40, 114
125.9,37.0,  41, 114
126.0,37.0,  43, 114
126.1,37.0,  45, 114
126.2,37.0,  46, 114
126.3,37.0,  48, 114
126.4,37.0,  50, 114
126.5,37.0,  52, 114
126.6,37.0,  53, 114
126.7,37.0,  55, 114
126.8,37.0,  57, 114
126.9,37.0,  59, 114
127.0,37.0,  60, 114
127.1,37.0,  62, 114
127.2,37.0,  64, 114
127.3,37.0,  66, 114
127.4,37.0,  67, 115
127.5,37.0,  69, 115
127.6,37.0,  71, 115
127.7,37.0,  72, 115
127.8,37.0,  74, 115
127.9,37.0,  76, 115
128.0,37.0,  78, 115
128.1,37.0,  79, 115
128.2,37.0,  81, 115
128.3,37.0,  83, 115
128.4,37.0,  85, 115
128.5,37.0,  86, 115
128.6,37.0,  88, 115
128.7,37.0,  90, 115
128.8,37.0,  92, 115
128.9,37.0,  93, 115
129.0,37.0,  95, 115
129.1,37.0,  97, 115
129.2,37.0,  98, 115
129.3,37.0,  100, 115
129.4,37.0,  102, 116
129.5,37.0,  104, 116
129.6,37.0,  105, 116
129.7,37.0,  107, 116
129.8,37.0,  109, 116
129.9,37.0,  111, 116
130.0,37.0,  112, 116
125.0,37.1,  26, 117
125.1,37.1,  27, 117
125.2,37.1,  29, 117
125.3,37.1,  31, 117
125.4,37.1,  33, 117
125.5,37.1,  34, 117
125.6,37.1,  36, 117
125.7,37.1,  38, 116
125.8,37.1,  40, 116
125.9,37.1,  41, 116
126.0,37.1,  43, 116
126.1,37.1,  45, 116
126.2,37.1,  46, 116
126.3,37.1,  48, 116
126.4,37.1,  50, 117
126.5,37.1,  52, 117
126.6,37.1,  53, 117
126.7,37.1,  55, 117
126.8,37.1,  57, 117
126.9,37.1,  59, 117
127.0,37.1,  60, 117
127.1,37.1,  62, 117
127.2,37.1,  64, 117
127.3,37.1,  66, 117
127.4,37.1,  67, 117
127.5,37.1,  69, 117
127.6,37.1,  71, 117
127.7,37.1,  72, 117
127.8,37.1,  74, 117
127.9,37.1,  76, 117
128.0,37.1,  78, 117
128.1,37.1,  79, 117
128.2,37.1,  81, 117
128.3,37.1,  83, 117
128.4,37.1,  85, 117
128.5,37.1,  86, 117
128.6,37.1,  88, 117
128.7,37.1,  90, 117
128.8,37.1,  91, 117
128.9,37.1,  93, 117
129.0,37.1,  95, 117
129.1,37.1,  97, 118
129.2,37.1,  98, 118
129.3,37.1,  100, 118
129.4,37.1,  102, 118
129.5,37.1,  104, 118
129.6,37.1,  105, 118
129.7,37.1,  107, 118
129.8,37.1,  109, 118
129.9,37.1,  110, 118
130.0,37.1,  112, 118
125.0,37.2,  26, 119
125.1,37.2,  27, 119
125.2,37.2,  29, 119
125.3,37.2,  31, 119
125.4,37.2,  33, 119
125.5,37.2,  34, 119
125.6,37.2,  36, 119
125.7,37.2,  38, 119
125.8,37.2,  40, 119
125.9,37.2,  41, 119
126.0,37.2,  43, 119
126.1,37.2,  45, 119
126.2,37.2,  46, 119
126.3,37.2,  48, 119
126.4,37.2,  50, 119
126.5,37.2,  52, 119
126.6,37.2,  53, 119
126.7,37.2,  55, 119
126.8,37.2,  57, 119
126.9,37.2,  59, 119
127.0,37.2,  60, 119
127.1,37.2,  62, 119
127.2,37.2,  64, 119
127.3,37.2,  65, 119
127.4,37.2,  67, 119
127.5,37.2,  69, 119
127.6,37.2,  71, 119
127.7,37.2,  72, 119
127.8,37.2,  74, 119
127.9,37.2,  76, 119
128.0,37.2,  78, 119
128.1,37.2,  79, 119
128.2,37.2,  81, 119
128.3,37.2,  83, 119
128.4,37.2,  84, 119
128.5,37.2,  86, 119
128.6,37.2,  88, 119
128.7,37.2,  90, 119
128.8,37.2,  91, 120
128.9,37.2,  93, 120
129.0,37.2,  95, 120
129.1,37.2,  97, 120
129.2,37.2,  98, 120
129.3,37.2,  100, 120
129.4,37.2,  102, 120
129.5,37.2,  103, 120
129.6,37.2,  105, 120
129.7,37.2,  107, 120
129.8,37.2,  109, 120
129.9,37.2,  110, 120
130.0,37.2,  112, 120
125.0,37.3,  26, 121
125.1,37.3,  27, 121
125.2,37.3,  29, 121
125.3,37.3,  31, 121
125.4,37.3,  33, 121
125.5,37.3,  34, 121
125.6,37.3,  36, 121
125.7,37.3,  38, 121
125.8,37.3,  40, 121
125.9,37.3,  41, 121
126.0,37.3,  43, 121
126.1,37.3,  45, 121
126.2,37.3,  46, 121
126.3,37.3,  48, 121
126.4,37.3,  50, 121
126.5,37.3,  52, 121
126.6,37.3,  53, 121
126.7,37.3,  55, 121
126.8,37.3,  57, 121
126.9,37.3,  59, 121
127.0,37.3,  60, 121
127.1,37.3,  62, 121
127.2,37.3,  64, 121
127.3,37.3,  65, 121
127.4,37.3,  67, 121
127.5,37.3,  69, 121
127.6,37.3,  71, 121
127.7,37.3,  72, 121
127.8,37.3,  74, 121
127.9,37.3,  76, 121
128.0,37.3,  78, 121
128.1,37.3,  79, 121
128.2,37.3,  81, 121
128.3,37.3,  83, 121
128.4,37.3,  84, 121
128.5,37.3,  86, 121
128.6,37.3,  88, 122
128.7,37.3,  90, 122
128.8,37.3,  91, 122
128.9,37.3,  93, 122
129.0,37.3,  95, 122
129.1,37.3,  96, 122
129.2,37.3,  98, 122
129.3,37.3,  100, 122
129.4,37.3,  102, 122
129.5,37.3,  103, 122
129.6,37.3,  105, 122
129.7,37.3,  107, 122
129.8,37.3,  109, 122
129.9,37.3,  110, 122
130.0,37.3,  112, 123
125.0,37.4,  26, 123
125.1,37.4,  27, 123
125.2,37.4,  29, 123
125.3,37.4,  31, 123
125.4,37.4,  33, 123
125.5,37.4,  34, 123
125.6,37.4,  36, 123
125.7,37.4,  38, 123
125.8,37.4,  40, 123
125.9,37.4,  41, 123
126.0,37.4,  43, 123
126.1,37.4,  45, 123
126.2,37.4,  46, 123
126.3,37.4,  48, 123
126.4,37.4,  50, 123
126.5,37.4,  52, 123
126.6,37.4,  53, 123
126.7,37.4,  55, 123
126.8,37.4,  57, 123
126.9,37.4,  59, 123
127.0,37.4,  60, 123
127.1,37.4,  62, 123
127.2,37.4,  64, 123
127.3,37.4,  65, 123
127.4,37.4,  67, 123
127.5,37.4,  69, 123
127.6,37.4,  71, 123
127.7,37.4,  72, 123
127.8,37.4,  74, 123
127.9,37.4,  76, 123
128.0,37.4,  77, 123
128.1,37.4,  79, 123
128.2,37.4,  81, 124
128.3,37.4,  83, 124
128.4,37.4,  84, 124
128.5,37.4,  86, 124
128.6,37.4,  88, 124
128.7,37.4,  90, 124
128.8,37.4,  91, 124
128.9,37.4,  93, 124
129.0,37.4,  95, 124
129.1,37.4,  96, 124
129.2,37.4,  98, 124
129.3,37.4,  100, 124
129.4,37.4,  102, 124
129.5,37.4,  103, 124
129.6,37.4,  105, 124
129.7,37.4,  107, 124
129.8,37.4,  108, 125
129.9,37.4,  110, 125
130.0,37.4,  112, 125
125.0,37.5,  26, 125
125.1,37.5,  28, 125
125.2,37.5,  29, 125
125.3,37.5,  31, 125
125.4,37.5,  33, 125
125.5,37.5,  34, 125
125.6,37.5,  36, 125
125.7,37.5,  38, 125
125.8,37.5,  40, 125
125.9,37.5,  41, 125
126.0,37.5,  43, 125
126.1,37.5,  45, 125
126.2,37.5,  46, 125
126.3,37.5,  48, 125
126.4,37.5,  50, 125
126.5,37.5,  52, 125
126.6,37.5,  53, 125
126.7,37.5,  55, 125
126.8,37.5,  57, 125
126.9,37.5,  58, 125
127.0,37.5,  60, 125
127.1,37.5,  62, 125
127.2,37.5,  64, 125
127.3,37.5,  65, 125
127.4,37.5,  67, 125
127.5,37.5,  69, 125
127.6,37.5,  71, 125
127.7,37.5,  72, 125
127.8,37.5,  74, 126
127.9,37.5,  76, 126
128.0,37.5,  77, 126
128.1,37.5,  79, 126
128.2,37.5,  81, 126
128.3,37.5,  83, 126
128.4,37.5,  84, 126
128.5,37.5,  86, 126
128.6,37.5,  88, 126
128.7,37.5,  89, 126
128.8,37.5,  91, 126
128.9,37.5,  93, 126
129.0,37.5,  95, 126
129.1,37.5,  96, 126
129.2,37.5,  98, 126
129.3,37.5,  100, 126
129.4,37.5,  101, 126
129.5,37.5,  103, 126
129.6,37.5,  105, 127
129.7,37.5,  107, 127
129.8,37.5,  108, 127
129.9,37.5,  110, 127
130.0,37.5,  112, 127
125.0,37.6,  26, 127
125.1,37.6,  28, 127
125.2,37.6,  29, 127
125.3,37.6,  31, 127
125.4,37.6,  33, 127
125.5,37.6,  34, 127
125.6,37.6,  36, 127
125.7,37.6,  38, 127
125.8,37.6,  40, 127
125.9,37.6,  41, 127
126.0,37.6,  43, 127
126.1,37.6,  45, 127
126.2,37.6,  46, 127
126.3,37.6,  48, 127
126.4,37.6,  50, 127
126.5,37.6,  52, 127
126.6,37.6,  53, 127
126.7,37.6,  55, 127
126.8,37.6,  57, 127
126.9,37.6,  58, 127
127.0,37.6,  60, 127
127.1,37.6,  62, 127
127.2,37.6,  64, 127
127.3,37.6,  65, 128
127.4,37.6,  67, 128
127.5,37.6,  69, 128
127.6,37.6,  70, 128
127.7,37.6,  72, 128
127.8,37.6,  74, 128
127.9,37.6,  76, 128
128.0,37.6,  77, 128
128.1,37.6,  79, 128
128.2,37.6,  81, 128
128.3,37.6,  83, 128
128.4,37.6,  84, 128
128.5,37.6,  86, 128
128.6,37.6,  88, 128
128.7,37.6,  89, 128
128.8,37.6,  91, 128
128.9,37.6,  93, 128
129.0,37.6,  95, 128
129.1,37.6,  96, 128
129.2,37.6,  98, 128
129.3,37.6,  100, 128
129.4,37.6,  101, 129
129.5,37.6,  103, 129
129.6,37.6,  105, 129
129.7,37.6,  107, 129
129.8,37.6,  108, 129
129.9,37.6,  110, 129
130.0,37.6,  112, 129
125.0,37.7,  26, 130
125.1,37.7,  28, 130
125.2,37.7,  29, 130
125.3,37.7,  31, 130
125.4,37.7,  33, 130
125.5,37.7,  34, 130
125.6,37.7,  36, 130
125.7,37.7,  38, 130
125.8,37.7,  40, 130
125.9,37.7,  41, 130
126.0,37.7,  43, 129
126.1,37.7,  45, 130
126.2,37.7,  46, 130
126.3,37.7,  48, 130
126.4,37.7,  50, 130
126.5,37.7,  52, 130
126.6,37.7,  53, 130
126.7,37.7,  55, 130
126.8,37.7,  57, 130
126.9,37.7,  58, 130
127.0,37.7,  60, 130
127.1,37.7,  62, 130
127.2,37.7,  64, 130
127.3,37.7,  65, 130
127.4,37.7,  67, 130
127.5,37.7,  69, 130
127.6,37.7,  70, 130
127.7,37.7,  72, 130
127.8,37.7,  74, 130
127.9,37.7,  76, 130
128.0,37.7,  77, 130
128.1,37.7,  79, 130
128.2,37.7,  81, 130
128.3,37.7,  82, 130
128.4,37.7,  84, 130
128.5,37.7,  86, 130
128.6,37.7,  88, 130
128.7,37.7,  89, 130
128.8,37.7,  91, 130
128.9,37.7,  93, 130
129.0,37.7,  94, 130
129.1,37.7,  96, 131
129.2,37.7,  98, 131
129.3,37.7,  100, 131
129.4,37.7,  101, 131
129.5,37.7,  103, 131
129.6,37.7,  105, 131
129.7,37.7,  106, 131
129.8,37.7,  108, 131
129.9,37.7,  110, 131
130.0,37.7,  112, 131
125.0,37.8,  26, 132
125.1,37.8,  28, 132
125.2,37.8,  29, 132
125.3,37.8,  31, 132
125.4,37.8,  33, 132
125.5,37.8,  34, 132
125.6,37.8,  36, 132
125.7,37.8,  38, 132
125.8,37.8,  40, 132
125.9,37.8,  41, 132
126.0,37.8,  43, 132
126.1,37.8,  45, 132
126.2,37.8,  46, 132
126.3,37.8,  48, 132
126.4,37.8,  50, 132
126.5,37.8,  52, 132
126.6,37.8,  53, 132
126.7,37.8,  55, 132
126.8,37.8,  57, 132
126.9,37.8,  58, 132
127.0,37.8,  60, 132
127.1,37.8,  62, 132
127.2,37.8,  64, 132
127.3,37.8,  65, 132
127.4,37.8,  67, 132
127.5,37.8,  69, 132
127.6,37.8,  70, 132
127.7,37.8,  72, 132
127.8,37.8,  74, 132
127.9,37.8,  76, 132
128.0,37.8,  77, 132
128.1,37.8,  79, 132
128.2,37.8,  81, 132
128.3,37.8,  82, 132
128.4,37.8,  84, 132
128.5,37.8,  86, 132
128.6,37.8,  88, 132
128.7,37.8,  89, 132
128.8,37.8,  91, 133
128.9,37.8,  93, 133
129.0,37.8,  94, 133
129.1,37.8,  96, 133
129.2,37.8,  98, 133
129.3,37.8,  99, 133
129.4,37.8,  101, 133
129.5,37.8,  103, 133
129.6,37.8,  105, 133
129.7,37.8,  106, 133
129.8,37.8,  108, 133
129.9,37.8,  110, 133
130.0,37.8,  111, 133
125.0,37.9,  26, 134
125.1,37.9,  28, 134
125.2,37.9,  29, 134
125.3,37.9,  31, 134
125.4,37.9,  33, 134
125.5,37.9,  34, 134
125.6,37.9,  36, 134
125.7,37.9,  38, 134
125.8,37.9,  40, 134
125.9,37.9,  41, 134
126.0,37.9,  43, 134
126.1,37.9,  45, 134
126.2,37.9,  46, 134
126.3,37.9,  48, 134
126.4,37.9,  50, 134
126.5,37.9,  52, 134
126.6,37.9,  53, 134
126.7,37.9,  55, 134
126.8,37.9,  57, 134
126.9,37.9,  58, 134
127.0,37.9,  60, 134
127.1,37.9,  62, 134
127.2,37.9,  64, 134
127.3,37.9,  65, 134
127.4,37.9,  67, 134
127.5,37.9,  69, 134
127.6,37.9,  70, 134
127.7,37.9,  72, 134
127.8,37.9,  74, 134
127.9,37.9,  75, 134
128.0,37.9,  77, 134
128.1,37.9,  79, 134
128.2,37.9,  81, 134
128.3,37.9,  82, 134
128.4,37.9,  84, 134
128.5,37.9,  86, 135
128.6,37.9,  87, 135
128.7,37.9,  89, 135
128.8,37.9,  91, 135
128.9,37.9,  93, 135
129.0,37.9,  94, 135
129.1,37.9,  96, 135
129.2,37.9,  98, 135
129.3,37.9,  99, 135
129.4,37.9,  101, 135
129.5,37.9,  103, 135
129.6,37.9,  105, 135
129.7,37.9,  106, 135
129.8,37.9,  108, 135
129.9,37.9,  110, 135
130.0,37.9,  111, 136
125.0,38.0,  26, 136
125.1,38.0,  28, 136
125.2,38.0,  29, 136
125.3,38.0,  31, 136
125.4,38.0,  33, 136
125.5,38.0,  34, 136
125.6,38.0,  36, 136
125.7,38.0,  38, 136
125.8,38.0,  40, 136
125.9,38.0,  41, 136
126.0,38.0,  43, 136
126.1,38.0,  45, 136
126.2,38.0,  46, 136
126.3,38.0,  48, 136
126.4,38.0,  50, 136
126.5,38.0,  52, 136
126.6,38.0,  53, 136
126.7,38.0,  55, 136
126.8,38.0,  57, 136
126.9,38.0,  58, 136
127.0,38.0,  60, 136
127.1,38.0,  62, 136
127.2,38.0,  63, 136
127.3,38.0,  65, 136
127.4,38.0,  67, 136
127.5,38.0,  69, 136
127.6,38.0,  70, 136
127.7,38.0,  72, 136
127.8,38.0,  74, 136
127.9,38.0,  75, 136
128.0,38.0,  77, 136
128.1,38.0,  79, 136
128.2,38.0,  81, 137
128.3,38.0,  82, 137
128.4,38.0,  84, 137
128.5,38.0,  86, 137
128.6,38.0,  87, 137
128.7,38.0,  89, 137
128.8,38.0,  91, 137
128.9,38.0,  92, 137
129.0,38.0,  94, 137
129.1,38.0,  96, 137
129.2,38.0,  98, 137
129.3,38.0,  99, 137
129.4,38.0,  101, 137
129.5,38.0,  103, 137
129.6,38.0,  104, 137
129.7,38.0,  106, 137
129.8,38.0,  108, 138
129.9,38.0,  110, 138
130.0,38.0,  111, 138
125.0,38.1,  26, 138
125.1,38.1,  28, 138
125.2,38.1,  29, 138
125.3,38.1,  31, 138
125.4,38.1,  33, 138
125.5,38.1,  34, 138
125.6,38.1,  36, 138
125.7,38.1,  38, 138
125.8,38.1,  40, 138
125.9,38.1,  41, 138
126.0,38.1,  43, 138
126.1,38.1,  45, 138
126.2,38.1,  46, 138
126.3,38.1,  48, 138
126.4,38.1,  50, 138
126.5,38.1,  52, 138
126.6,38.1,  53, 138
126.7,38.1,  55, 138
126.8,38.1,  57, 138
126.9,38.1,  58, 138
127.0,38.1,  60, 138
127.1,38.1,  62, 138
127.2,38.1,  63, 138
127.3,38.1,  65, 138
127.4,38.1,  67, 138
127.5,38.1,  69, 138
127.6,38.1,  70, 138
127.7,38.1,  72, 138
127.8,38.1,  74, 139
127.9,38.1,  75, 139
128.0,38.1,  77, 139
128.1,38.1,  79, 139
128.2,38.1,  80, 139
128.3,38.1,  82, 139
128.4,38.1,  84, 139
128.5,38.1,  86, 139
128.6,38.1,  87, 139
128.7,38.1,  89, 139
128.8,38.1,  91, 139
128.9,38.1,  92, 139
129.0,38.1,  94, 139
129.1,38.1,  96, 139
129.2,38.1,  98, 139
129.3,38.1,  99, 139
129.4,38.1,  101, 139
129.5,38.1,  103, 139
129.6,38.1,  104, 140
129.7,38.1,  106, 140
129.8,38.1,  108, 140
129.9,38.1,  109, 140
130.0,38.1,  111, 140
125.0,38.2,  26, 140
125.1,38.2,  28, 140
125.2,38.2,  29, 140
125.3,38.2,  31, 140
125.4,38.2,  33, 140
125.5,38.2,  34, 140
125.6,38.2,  36, 140
125.7,38.2,  38, 140
125.8,38.2,  40, 140
125.9,38.2,  41, 140
126.0,38.2,  43, 140
126.1,38.2,  45, 140
126.2,38.2,  46, 140
126.3,38.2,  48, 140
126.4,38.2,  50, 140
126.5,38.2,  52, 140
126.6,38.2,  53, 140
126.7,38.2,  55, 140
126.8,38.2,  57, 140
126.9,38.2,  58, 140
127.0,38.2,  60, 140
127.1,38.2,  62, 140
127.2,38.2,  63, 140
127.3,38.2,  65, 141
127.4,38.2,  67, 141
127.5,38.2,  69, 141
127.6,38.2,  70, 141
127.7,38.2,  72, 141
127.8,38.2,  74, 141
127.9,38.2,  75, 141
128.0,38.2,  77, 141
128.1,38.2,  79, 141
128.2,38.2,  80, 141
128.3,38.2,  82, 141
128.4,38.2,  84, 141
128.5,38.2,  86, 141
128.6,38.2,  87, 141
128.7,38.2,  89, 141
128.8,38.2,  91, 141
128.9,38.2,  92, 141
129.0,38.2,  94, 141
129.1,38.2,  96, 141
129.2,38.2,  97, 141
129.3,38.2,  99, 141
129.4,38.2,  101, 142
129.5,38.2,  103, 142
129.6,38.2,  104, 142
129.7,38.2,  106, 142
129.8,38.2,  108, 142
129.9,38.2,  109, 142
130.0,38.2,  111, 142
125.0,38.3,  26, 143
125.1,38.3,  28, 143
125.2,38.3,  29, 143
125.3,38.3,  31, 143
125.4,38.3,  33, 143
125.5,38.3,  35, 143
125.6,38.3,  36, 143
125.7,38.3,  38, 143
125.8,38.3,  40, 143
125.9,38.3,  41, 142
126.0,38.3,  43, 142
126.1,38.3,  45, 142
126.2,38.3,  46, 143
126.3,38.3,  48, 143
126.4,38.3,  50, 143
126.5,38.3,  51, 143
126.6,38.3,  53, 143
126.7,38.3,  55, 143
126.8,38.3,  57, 143
126.9,38.3,  58, 143
127.0,38.3,  60, 143
127.1,38.3,  62, 143
127.2,38.3,  63, 143
127.3,38.3,  65, 143
127.4,38.3,  67, 143
127.5,38.3,  68, 143
127.6,38.3,  70, 143
127.7,38.3,  72, 143
127.8,38.3,  74, 143
127.9,38.3,  75, 143
128.0,38.3,  77, 143
128.1,38.3,  79, 143
128.2,38.3,  80, 143
128.3,38.3,  82, 143
128.4,38.3,  84, 143
128.5,38.3,  85, 143
128.6,38.3,  87, 143
128.7,38.3,  89, 143
128.8,38.3,  91, 143
128.9,38.3,  92, 143
129.0,38.3,  94, 143
129.1,38.3,  96, 144
129.2,38.3,  97, 144
129.3,38.3,  99, 144
129.4,38.3,  101, 144
129.5,38.3,  102, 144
129.6,38.3,  104, 144
129.7,38.3,  106, 144
129.8,38.3,  108, 144
129.9,38.3,  109, 144
130.0,38.3,  111, 144
125.0,38.4,  26, 145
125.1,38.4,  28, 145
125.2,38.4,  29, 145
125.3,38.4,  31, 145
125.4,38.4,  33, 145
125.5,38.4,  35, 145
125.6,38.4,  36, 145
125.7,38.4,  38, 145
125.8,38.4,  40, 145
125.9,38.4,  41, 145
126.0,38.4,  43, 145
126.1,38.4,  45, 145
126.2,38.4,  46, 145
126.3,38.4,  48, 145
126.4,38.4,  50, 145
126.5,38.4,  51, 145
126.6,38.4,  53, 145
126.7,38.4,  55, 145
126.8,38.4,  57, 145
126.9,38.4,  58, 145
127.0,38.4,  60, 145
127.1,38.4,  62, 145
127.2,38.4,  63, 145
127.3,38.4,  65, 145
127.4,38.4,  67, 145
127.5,38.4,  68, 145
127.6,38.4,  70, 145
127.7,38.4,  72, 145
127.8,38.4,  74, 145
127.9,38.4,  75, 145
128.0,38.4,  77, 145
128.1,38.4,  79, 145
128.2,38.4,  80, 145
128.3,38.4,  82, 145
128.4,38.4,  84, 145
128.5,38.4,  85, 145
128.6,38.4,  87, 145
128.7,38.4,  89, 145
128.8,38.4,  90, 145
128.9,38.4,  92, 146
129.0,38.4,  94, 146
129.1,38.4,  96, 146
129.2,38.4,  97, 146
129.3,38.4,  99, 146
129.4,38.4,  101, 146
129.5,38.4,  102, 146
129.6,38.4,  104, 146
129.7,38.4,  106, 146
129.8,38.4,  107, 146
129.9,38.4,  109, 146
130.0,38.4,  111, 146
125.0,38.5,  26, 147
125.1,38.5,  28, 147
125.2,38.5,  29, 147
125.3,38.5,  31, 147
125.4,38.5,  33, 147
125.5,38.5,  35, 147
125.6,38.5,  36, 147
125.7,38.5,  38, 147
125.8,38.5,  40, 147
125.9,38.5,  41, 147
126.0,38.5,  43, 147
126.1,38.5,  45, 147
126.2,38.5,  46, 147
126.3,38.5,  48, 147
126.4,38.5,  50, 147
126.5,38.5,  51, 147
126.6,38.5,  53, 147
126.7,38.5,  55, 147
126.8,38.5,  57, 147
126.9,38.5,  58, 147
127.0,38.5,  60, 147
127.1,38.5,  62, 147
127.2,38.5,  63, 147
127.3,38.5,  65, 147
127.4,38.5,  67, 147
127.5,38.5,  68, 147
127.6,38.5,  70, 147
127.7,38.5,  72, 147
127.8,38.5,  73, 147
127.9,38.5,  75, 147
128.0,38.5,  77, 147
128.1,38.5,  79, 147
128.2,38.5,  80, 147
128.3,38.5,  82, 147
128.4,38.5,  84, 147
128.5,38.5,  85, 147
128.6,38.5,  87, 148
128.7,38.5,  89, 148
128.8,38.5,  90, 148
128.9,38.5,  92, 148
129.0,38.5,  94, 148
129.1,38.5,  95, 148
129.2,38.5,  97, 148
129.3,38.5,  99, 148
129.4,38.5,  101, 148
129.5,38.5,  102, 148
129.6,38.5,  104, 148
129.7,38.5,  106, 148
129.8,38.5,  107, 148
129.9,38.5,  109, 148
130.0,38.5,  111, 149
